stateId,stateName,country_id,stateDesc,stateCode
1,Alabama,1228,,
2,Alaska,1228,,
3,Arizona,1228,,
4,Arkansas,1228,,
5,California,1228,,
6,Colorado,1228,,
7,Connecticut,1228,,
8,Delaware,1228,,
9,Florida,1228,,
10,Georgia,1228,,
11,Hawaii,1228,,
12,Idaho,1228,,
13,Illinois,1228,,
14,Indiana,1228,,
15,Iowa,1228,,
16,Kansas,1228,,
17,Kentucky,1228,,
18,Louisiana,1228,,
19,Maine,1228,,
20,Maryland,1228,,
21,Massachusetts,1228,,
22,Michigan,1228,,
23,Minnesota,1228,,
24,Mississippi,1228,,
25,Missouri,1228,,
26,Montana,1228,,
27,Nebraska,1228,,
28,Nevada,1228,,
29,New Hampshire,1228,,
30,New Jersey,1228,,
31,New Mexico,1228,,
32,New York,1228,,
33,North Carolina,1228,,
34,North Dakota,1228,,
35,Ohio,1228,,
36,Oklahoma,1228,,
37,Oregon,1228,,
38,Pennsylvania,1228,,
39,Rhode Island,1228,,
40,South Carolina,1228,,
41,South Dakota,1228,,
42,Tennessee,1228,,
43,Texas,1228,,
44,Utah,1228,,
45,Vermont,1228,,
46,Virginia,1228,,
47,Washington,1228,,
48,West Virginia,1228,,
49,Wisconsin,1228,,
50,Wyoming,1228,,
51,District of Columbia,1228,,
52,American Samoa,1228,,
53,Guam,1228,,
54,Northern Mariana Islands,1228,,
55,Puerto Rico,1228,,
56,Virgin Islands,1228,,
57,United States Minor Outlying Islands,1228,,
58,Armed Forces Europe,1228,,
59,Armed Forces Americas,1228,,
60,Armed Forces Pacific,1228,,
61,Alberta,1039,,
62,British Columbia,1039,,
63,Manitoba,1039,,
64,New Brunswick,1039,,
65,Newfoundland and Labrador,1039,,
66,Northwest Territories,1039,,
67,Nova Scotia,1039,,
68,Nunavut,1039,,
69,Ontario,1039,,
70,Prince Edward Island,1039,,
71,Quebec,1039,,
72,Saskatchewan,1039,,
73,Yukon Territory,1039,,
74,Maharashtra,1101,,
75,Karnataka,1101,,
76,Andhra Pradesh,1101,,
77,Arunachal Pradesh,1101,,
78,Assam,1101,,
79,Bihar,1101,,
80,Chhattisgarh,1101,,
81,Goa,1101,,
82,Gujarat,1101,,
83,Haryana,1101,,
84,Himachal Pradesh,1101,,
85,Jammu and Kashmir,1101,,
86,Jharkhand,1101,,
87,Kerala,1101,,
88,Madhya Pradesh,1101,,
89,Manipur,1101,,
90,Meghalaya,1101,,
91,Mizoram,1101,,
92,Nagaland,1101,,
93,Orissa,1101,,
94,Punjab,1101,,
95,Rajasthan,1101,,
96,Sikkim,1101,,
97,Tamil Nadu,1101,,
98,Tripura,1101,,
99,Uttaranchal,1101,,
100,Uttar Pradesh,1101,,
101,West Bengal,1101,,
102,Andaman and Nicobar Islands,1101,,
103,Dadra and Nagar Haveli,1101,,
104,Daman and Diu,1101,,
105,Delhi,1101,,
106,Lakshadweep,1101,,
107,Pondicherry,1101,,
108,mazowieckie,1172,,
109,pomorskie,1172,,
110,dolno?l?skie,1172,,
111,kujawsko,1172,,
112,lubelskie,1172,,
113,lubuskie,1172,,
115,maopolskie,1172,,
116,opolskie,1172,,
117,podkarpackie,1172,,
118,podlaskie,1172,,
119,lskie,1172,,
120,witokrzyskie,1172,,
121,warmisko,1172,,
122,wielkopolskie,1172,,
123,zachodniopomorskie,1172,,
124,Abu Zaby,1225,,
125,Ajman,1225,,
126,Al Fujayrah,1225,,
127,Ash Shariqah,1225,,
128,Dubayy,1225,,
129,Ras al Khaymah,1225,,
130,Dac Lac,1233,,
131,Umm al Qaywayn,1225,,
132,Badakhshan,1001,,
133,Badghis,1001,,
134,Baghlan,1001,,
135,Balkh,1001,,
136,Bamian,1001,,
137,Farah,1001,,
138,Faryab,1001,,
139,Ghazni,1001,,
140,Ghowr,1001,,
141,Helmand,1001,,
142,Herat,1001,,
143,Jowzjan,1001,,
144,Kabul,1001,,
145,Kandahar,1001,,
146,Kapisa,1001,,
147,Khowst,1001,,
148,Konar,1001,,
149,Kondoz,1001,,
150,Laghman,1001,,
151,Lowgar,1001,,
152,Nangrahar,1001,,
153,Nimruz,1001,,
154,Nurestan,1001,,
155,Oruzgan,1001,,
156,Paktia,1001,,
157,Paktika,1001,,
158,Parwan,1001,,
159,Samangan,1001,,
160,Sar,1001,,
161,Takhar,1001,,
162,Wardak,1001,,
163,Zabol,1001,,
164,Berat,1002,,
165,Bulqize,1002,,
166,Delvine,1002,,
167,Devoll,1002,,
168,Diber,1002,,
169,Durrses,1002,,
170,Elbasan,1002,,
171,Fier,1002,,
172,Gramsh,1002,,
173,Gjirokaster,1002,,
174,Has,1002,,
175,Kavaje,1002,,
176,Kolonje,1002,,
177,Korce,1002,,
178,Kruje,1002,,
179,Kucove,1002,,
180,Kukes,1002,,
181,Kurbin,1002,,
182,Lezhe,1002,,
183,Librazhd,1002,,
184,Lushnje,1002,,
185,Malesi e Madhe,1002,,
186,Mallakaster,1002,,
187,Mat,1002,,
188,Mirdite,1002,,
189,Peqin,1002,,
190,Permet,1002,,
191,Pogradec,1002,,
192,Puke,1002,,
193,Sarande,1002,,
194,Skrapar,1002,,
195,Shkoder,1002,,
196,Tepelene,1002,,
197,Tirane,1002,,
198,Tropoje,1002,,
199,Vlore,1002,,
200,Erevan,1011,,
201,Aragacotn,1011,,
202,Ararat,1011,,
203,Armavir,1011,,
204,Gegarkunik,1011,,
205,Kotayk,1011,,
206,Lory,1011,,
207,Sirak,1011,,
208,Syunik,1011,,
209,Tavus,1011,,
210,Vayoc Jor,1011,,
211,Bengo,1006,,
212,Benguela,1006,,
213,Bie,1006,,
214,Cabinda,1006,,
215,Cuando,1006,,
216,Cuanza Norte,1006,,
217,Cuanza Sul,1006,,
218,Cunene,1006,,
219,Huambo,1006,,
220,Huila,1006,,
221,Luanda,1006,,
222,Lunda Norte,1006,,
223,Lunda Sul,1006,,
224,Malange,1006,,
225,Moxico,1006,,
226,Namibe,1006,,
227,Uige,1006,,
228,Zaire,1006,,
229,Capital federal,1010,,
230,Buenos Aires,1010,,
231,Catamarca,1010,,
232,Cordoba,1010,,
233,Corrientes,1010,,
234,Chaco,1010,,
235,Chubut,1010,,
236,Entre Rios,1010,,
237,Formosa,1010,,
238,Jujuy,1010,,
239,La Pampa,1010,,
240,Mendoza,1010,,
241,Misiones,1010,,
242,Neuquen,1010,,
243,Rio Negro,1010,,
244,Salta,1010,,
245,San Juan,1010,,
246,San Luis,1010,,
247,Santa Cruz,1010,,
248,Santa Fe,1010,,
249,Santiago del Estero,1010,,
250,Tierra del Fuego,1010,,
251,Tucuman,1010,,
252,Burgenland,1014,,
253,Karnten,1014,,
254,Niederosterreich,1014,,
255,Oberosterreich,1014,,
256,Salzburg,1014,,
257,Steiermark,1014,,
258,Tirol,1014,,
259,Vorarlberg,1014,,
260,Wien,1014,,
261,Australian Antarctic Territory,1008,,
262,Australian Capital Territory,1013,,
263,Northern Territory,1013,,
264,New South Wales,1013,,
265,Queensland,1013,,
266,South Australia,1013,,
267,Tasmania,1013,,
268,Victoria,1013,,
269,Western Australia,1013,,
270,Naxcivan,1015,,
271,Ali Bayramli,1015,,
272,Baki,1015,,
273,Ganca,1015,,
274,Lankaran,1015,,
275,Mingacevir,1015,,
276,Naftalan,1015,,
277,Saki,1015,,
278,Sumqayit,1015,,
279,Susa,1015,,
280,Xankandi,1015,,
281,Yevlax,1015,,
282,Abseron,1015,,
283,Agcabadi,1015,,
284,Agdam,1015,,
285,Agdas,1015,,
286,Agstafa,1015,,
287,Agsu,1015,,
288,Astara,1015,,
289,Babak,1015,,
290,Balakan,1015,,
291,Barda,1015,,
292,Beylagan,1015,,
293,Bilasuvar,1015,,
294,Cabrayll,1015,,
295,Calilabad,1015,,
296,Culfa,1015,,
297,Daskasan,1015,,
298,Davaci,1015,,
299,Fuzuli,1015,,
300,Gadabay,1015,,
301,Goranboy,1015,,
302,Goycay,1015,,
303,Haciqabul,1015,,
304,Imisli,1015,,
305,Ismayilli,1015,,
306,Kalbacar,1015,,
307,Kurdamir,1015,,
308,Lacin,1015,,
309,Lerik,1015,,
310,Masalli,1015,,
311,Neftcala,1015,,
312,Oguz,1015,,
313,Ordubad,1015,,
314,Qabala,1015,,
315,Qax,1015,,
316,Qazax,1015,,
317,Qobustan,1015,,
318,Quba,1015,,
319,Qubadli,1015,,
320,Qusar,1015,,
321,Saatli,1015,,
322,Sabirabad,1015,,
323,Sadarak,1015,,
324,Sahbuz,1015,,
325,Salyan,1015,,
326,Samaxi,1015,,
327,Samkir,1015,,
328,Samux,1015,,
329,Sarur,1015,,
330,Siyazan,1015,,
331,Tartar,1015,,
332,Tovuz,1015,,
333,Ucar,1015,,
334,Xacmaz,1015,,
335,Xanlar,1015,,
336,Xizi,1015,,
337,Xocali,1015,,
338,Xocavand,1015,,
339,Yardimli,1015,,
340,Zangilan,1015,,
341,Zaqatala,1015,,
342,Zardab,1015,,
343,Federacija Bosna i Hercegovina,1026,,
344,Republika Srpska,1026,,
345,Bagerhat zila,1017,,
346,Bandarban zila,1017,,
347,Barguna zila,1017,,
348,Barisal zila,1017,,
349,Bhola zila,1017,,
350,Bogra zila,1017,,
351,Brahmanbaria zila,1017,,
352,Chandpur zila,1017,,
353,Chittagong zila,1017,,
354,Chuadanga zila,1017,,
355,Comilla zila,1017,,
356,Coxs Bazar zila,1017,,
357,Dhaka zila,1017,,
358,Dinajpur zila,1017,,
359,Faridpur zila,1017,,
360,Feni zila,1017,,
361,Gaibandha zila,1017,,
362,Gazipur zila,1017,,
363,Gopalganj zila,1017,,
364,Habiganj zila,1017,,
365,Jaipurhat zila,1017,,
366,Jamalpur zila,1017,,
367,Jessore zila,1017,,
368,Jhalakati zila,1017,,
369,Jhenaidah zila,1017,,
370,Khagrachari zila,1017,,
371,Khulna zila,1017,,
372,Kishorganj zila,1017,,
373,Kurigram zila,1017,,
374,Kushtia zila,1017,,
375,Lakshmipur zila,1017,,
376,Lalmonirhat zila,1017,,
377,Madaripur zila,1017,,
378,Magura zila,1017,,
379,Manikganj zila,1017,,
380,Meherpur zila,1017,,
381,Moulvibazar zila,1017,,
382,Munshiganj zila,1017,,
383,Mymensingh zila,1017,,
384,Naogaon zila,1017,,
385,Narail zila,1017,,
386,Narayanganj zila,1017,,
387,Narsingdi zila,1017,,
388,Natore zila,1017,,
389,Nawabganj zila,1017,,
390,Netrakona zila,1017,,
391,Nilphamari zila,1017,,
392,Noakhali zila,1017,,
393,Pabna zila,1017,,
394,Panchagarh zila,1017,,
395,Patuakhali zila,1017,,
396,Pirojpur zila,1017,,
397,Rajbari zila,1017,,
398,Rajshahi zila,1017,,
399,Rangamati zila,1017,,
400,Rangpur zila,1017,,
401,Satkhira zila,1017,,
402,Shariatpur zila,1017,,
403,Sherpur zila,1017,,
404,Sirajganj zila,1017,,
405,Sunamganj zila,1017,,
406,Sylhet zila,1017,,
407,Tangail zila,1017,,
408,Thakurgaon zila,1017,,
409,Antwerpen,1020,,
410,Brabant Wallon,1020,,
411,Hainaut,1020,,
412,Liege,1020,,
413,Limburg,1020,,
414,Luxembourg,1020,,
415,Namur,1020,,
416,Oost,1020,,
417,Vlaams,1020,,
418,West,1020,,
419,Bale,1034,,
420,Bam,1034,,
421,Banwa,1034,,
422,Bazega,1034,,
423,Bougouriba,1034,,
424,Boulgou,1034,,
425,Boulkiemde,1034,,
426,Comoe,1034,,
427,Ganzourgou,1034,,
428,Gnagna,1034,,
429,Gourma,1034,,
430,Houet,1034,,
431,Ioba,1034,,
432,Kadiogo,1034,,
433,Kenedougou,1034,,
434,Komondjari,1034,,
435,Kompienga,1034,,
436,Kossi,1034,,
437,Koulpulogo,1034,,
438,Kouritenga,1034,,
439,Kourweogo,1034,,
440,Leraba,1034,,
441,Loroum,1034,,
442,Mouhoun,1034,,
443,Nahouri,1034,,
444,Namentenga,1034,,
445,Nayala,1034,,
446,Noumbiel,1034,,
447,Oubritenga,1034,,
448,Oudalan,1034,,
449,Passore,1034,,
450,Poni,1034,,
451,Sanguie,1034,,
452,Sanmatenga,1034,,
453,Seno,1034,,
454,Siasili,1034,,
455,Soum,1034,,
456,Sourou,1034,,
457,Tapoa,1034,,
458,Tui,1034,,
459,Yagha,1034,,
460,Yatenga,1034,,
461,Ziro,1034,,
462,Zondoma,1034,,
463,Zoundweogo,1034,,
464,Blagoevgrad,1033,,
465,Burgas,1033,,
466,Dobric,1033,,
467,Gabrovo,1033,,
468,Haskovo,1033,,
469,Jambol,1033,,
470,Kardzali,1033,,
471,Kjstendil,1033,,
472,Lovec,1033,,
473,Montana,1033,,
474,Pazardzik,1033,,
475,Pernik,1033,,
476,Pleven,1033,,
477,Plovdiv,1033,,
478,Razgrad,1033,,
479,Ruse,1033,,
480,Silistra,1033,,
481,Sliven,1033,,
482,Smoljan,1033,,
483,Sofia,1033,,
484,Stara Zagora,1033,,
485,Sumen,1033,,
486,Targoviste,1033,,
487,Varna,1033,,
488,Veliko Tarnovo,1033,,
489,Vidin,1033,,
490,Vraca,1033,,
491,Al Hadd,1016,,
492,Al Manamah,1016,,
493,Al Mintaqah al Gharbiyah,1016,,
494,Al Mintagah al Wusta,1016,,
495,Al Mintaqah ash Shamaliyah,1016,,
496,Al Muharraq,1016,,
497,Ar Rifa,1016,,
498,Jidd Hafs,1016,,
499,Madluat Jamad,1016,,
500,Madluat Isa,1016,,
501,Mintaqat Juzur tawar,1016,,
502,Sitrah,1016,,
503,Bubanza,1036,,
504,Bujumbura,1036,,
505,Bururi,1036,,
506,Cankuzo,1036,,
507,Cibitoke,1036,,
508,Gitega,1036,,
509,Karuzi,1036,,
510,Kayanza,1036,,
511,Makamba,1036,,
512,Muramvya,1036,,
513,Mwaro,1036,,
514,Ngozi,1036,,
515,Rutana,1036,,
516,Ruyigi,1036,,
517,Alibori,1022,,
518,Atakora,1022,,
519,Atlantique,1022,,
520,Borgou,1022,,
521,Collines,1022,,
522,Donga,1022,,
523,Kouffo,1022,,
524,Littoral,1022,,
525,Mono,1022,,
526,Oueme,1022,,
527,Plateau,1022,,
528,Zou,1022,,
529,Belait,1032,,
530,Brunei,1032,,
531,Temburong,1032,,
532,Tutong,1032,,
533,Cochabamba,1025,,
534,Chuquisaca,1025,,
535,El Beni,1025,,
536,La Paz,1025,,
537,Oruro,1025,,
538,Pando,1025,,
539,Potosi,1025,,
540,Tarija,1025,,
541,Acre,1029,,
542,Alagoas,1029,,
543,Amazonas,1029,,
544,Amapa,1029,,
545,Baia,1029,,
546,Ceara,1029,,
547,Distrito Federal,1029,,
548,Espirito Santo,1029,,
549,Fernando de Noronha,1029,,
550,Goias,1029,,
551,Maranhao,1029,,
552,Minas Gerais,1029,,
553,Mato Grosso do Sul,1029,,
554,Mato Grosso,1029,,
555,Para,1029,,
556,Paraiba,1029,,
557,Pernambuco,1029,,
558,Piaui,1029,,
559,Parana,1029,,
560,Rio de Janeiro,1029,,
561,Rio Grande do Norte,1029,,
562,Rondonia,1029,,
563,Roraima,1029,,
564,Rio Grande do Sul,1029,,
565,Santa Catarina,1029,,
566,Sergipe,1029,,
567,Sao Paulo,1029,,
568,Tocatins,1029,,
569,Acklins and Crooked Islands,1212,,
570,Bimini,1212,,
571,Cat Island,1212,,
572,Exuma,1212,,
573,Freeport,1212,,
574,Fresh Creek,1212,,
575,Governors Harbour,1212,,
576,Green Turtle Cay,1212,,
577,Harbour Island,1212,,
578,High Rock,1212,,
579,Inagua,1212,,
580,Kemps Bay,1212,,
581,Long Island,1212,,
582,Marsh Harbour,1212,,
583,Mayaguana,1212,,
584,New Providence,1212,,
585,Nicholls Town and Berry Islands,1212,,
586,Ragged Island,1212,,
587,Rock Sound,1212,,
588,Sandy Point,1212,,
589,San Salvador and Rum Cay,1212,,
590,Bumthang,1024,,
591,Chhukha,1024,,
592,Dagana,1024,,
593,Gasa,1024,,
594,Ha,1024,,
595,Lhuentse,1024,,
596,Monggar,1024,,
597,Paro,1024,,
598,Pemagatshel,1024,,
599,Punakha,1024,,
600,Samdrup Jongkha,1024,,
601,Samtee,1024,,
602,Sarpang,1024,,
603,Thimphu,1024,,
604,Trashigang,1024,,
605,Trashi Yangtse,1024,,
606,Trongsa,1024,,
607,Tsirang,1024,,
608,Wangdue Phodrang,1024,,
609,Zhemgang,1024,,
610,Central,1027,,
611,Ghanzi,1027,,
612,Kgalagadi,1027,,
613,Kgatleng,1027,,
614,Kweneng,1027,,
615,Ngamiland,1027,,
616,North,1027,,
617,North,1027,,
618,South,1027,,
619,Southern,1027,,
620,Bresckaja voblasc,1019,,
621,Homelskaja voblasc,1019,,
622,Hrodzenskaja voblasc,1019,,
623,Mahileuskaja voblasc,1019,,
624,Minskaja voblasc,1019,,
625,Vicebskaja voblasc,1019,,
626,Belize,1021,,
627,Cayo,1021,,
628,Corozal,1021,,
629,Orange Walk,1021,,
630,Stann Creek,1021,,
631,Toledo,1021,,
632,Kinshasa,1050,,
633,Bandundu,1050,,
634,Bas,1050,,
635,Equateur,1050,,
636,Haut,1050,,
637,Kasai,1050,,
638,Kasai,1050,,
639,Katanga,1050,,
640,Maniema,1050,,
641,Nord,1050,,
642,Orientale,1050,,
643,Sud,1050,,
644,Bangui,1042,,
645,Bamingui,1042,,
646,Basse,1042,,
647,Haute,1042,,
648,Haut,1042,,
649,Kemo,1042,,
650,Lobaye,1042,,
651,Mambere,1042,,
652,Mbomou,1042,,
653,Nana,1042,,
654,Nana,1042,,
655,Ombella,1042,,
656,Ouaka,1042,,
657,Ouham,1042,,
658,Ouham,1042,,
659,Sangha,1042,,
660,Vakaga,1042,,
661,Brazzaville,1051,,
662,Bouenza,1051,,
663,Cuvette,1051,,
664,Cuvette,1051,,
665,Kouilou,1051,,
666,Lekoumou,1051,,
667,Likouala,1051,,
668,Niari,1051,,
669,Plateaux,1051,,
670,Pool,1051,,
671,Sangha,1051,,
672,Aargau,1205,,
673,Appenzell Innerrhoden,1205,,
674,Appenzell Ausserrhoden,1205,,
675,Bern,1205,,
676,Basel,1205,,
677,Basel,1205,,
678,Fribourg,1205,,
679,Geneva,1205,,
680,Glarus,1205,,
681,Graubunden,1205,,
682,Jura,1205,,
683,Luzern,1205,,
684,Neuchatel,1205,,
685,Nidwalden,1205,,
686,Obwalden,1205,,
687,Sankt Gallen,1205,,
688,Schaffhausen,1205,,
689,Solothurn,1205,,
690,Schwyz,1205,,
691,Thurgau,1205,,
692,Ticino,1205,,
693,Uri,1205,,
694,Vaud,1205,,
695,Valais,1205,,
696,Zug,1205,,
697,Zurich,1205,,
698,18 Montagnes,1054,,
699,Agnebi,1054,,
700,Bas,1054,,
701,Denguele,1054,,
702,Haut,1054,,
703,Lacs,1054,,
704,Lagunes,1054,,
705,Marahoue,1054,,
706,Moyen,1054,,
707,Nzi,1054,,
708,Savanes,1054,,
709,Sud,1054,,
710,Sud,1054,,
711,Vallee du Bandama,1054,,
712,Worodouqou,1054,,
713,Zanzan,1054,,
714,Aisen del General Carlos Ibanez del Campo,1044,,
715,Antofagasta,1044,,
716,Araucania,1044,,
717,Atacama,1044,,
718,Bio,1044,,
719,Coquimbo,1044,,
720,Libertador General Bernardo OHiggins,1044,,
721,Los Lagos,1044,,
722,Magallanes,1044,,
723,Maule,1044,,
724,Region Metropolitana de Santiago,1044,,
725,Tarapaca,1044,,
726,Valparaiso,1044,,
727,Adamaoua,1038,,
728,Centre,1038,,
729,East,1038,,
730,Far North,1038,,
731,North,1038,,
732,South,1038,,
733,South,1038,,
734,West,1038,,
735,Beijing,1045,,
736,Chongqing,1045,,
737,Shanghai,1045,,
738,Tianjin,1045,,
739,Anhui,1045,,
740,Fujian,1045,,
741,Gansu,1045,,
742,Guangdong,1045,,
743,Guizhou,1045,,
744,Hainan,1045,,
745,Hebei,1045,,
746,Heilongjiang,1045,,
747,Henan,1045,,
748,Hubei,1045,,
749,Hunan,1045,,
750,Jiangsu,1045,,
751,Jiangxi,1045,,
752,Jilin,1045,,
753,Liaoning,1045,,
754,Qinghai,1045,,
755,Shaanxi,1045,,
756,Shandong,1045,,
757,Shanxi,1045,,
758,Sichuan,1045,,
759,Taiwan,1045,,
760,Yunnan,1045,,
761,Zhejiang,1045,,
762,Guangxi,1045,,
763,Neia Mongol (mn),1045,,
764,Xinjiang,1045,,
765,Xizang,1045,,
766,Hong Kong,1045,,
767,Macau,1045,,
768,Distrito Capital de Bogota,1048,,
769,Amazonea,1048,,
770,Antioquia,1048,,
771,Arauca,1048,,
772,Atlantico,1048,,
773,Bolivar,1048,,
774,Boyaca,1048,,
775,Caldea,1048,,
776,Caqueta,1048,,
777,Casanare,1048,,
778,Cauca,1048,,
779,Cesar,1048,,
780,Cordoba,1048,,
781,Cundinamarca,1048,,
782,Choco,1048,,
783,Guainia,1048,,
784,Guaviare,1048,,
785,La Guajira,1048,,
786,Magdalena,1048,,
787,Meta,1048,,
788,Narino,1048,,
789,Norte de Santander,1048,,
790,Putumayo,1048,,
791,Quindio,1048,,
792,Risaralda,1048,,
793,"San Andres, Providencia y Santa Catalina",1048,,
794,Santander,1048,,
795,Sucre,1048,,
796,Tolima,1048,,
797,Valle del Cauca,1048,,
798,Vaupes,1048,,
799,Vichada,1048,,
800,Alajuela,1053,,
801,Cartago,1053,,
802,Guanacaste,1053,,
803,Heredia,1053,,
804,Limon,1053,,
805,Puntarenas,1053,,
806,San Jose,1053,,
807,Camagey,1056,,
808,Ciego de `vila,1056,,
809,Cienfuegos,1056,,
810,Ciudad de La Habana,1056,,
811,Granma,1056,,
812,Guantanamo,1056,,
813,Holquin,1056,,
814,La Habana,1056,,
815,Las Tunas,1056,,
816,Matanzas,1056,,
817,Pinar del Rio,1056,,
818,Sancti Spiritus,1056,,
819,Santiago de Cuba,1056,,
820,Villa Clara,1056,,
821,Isla de la Juventud,1056,,
822,Pinar del Roo,1056,,
823,Ciego de Avila,1056,,
824,Camagoey,1056,,
825,Holgun,1056,,
826,Sancti Spritus,1056,,
827,Municipio Especial Isla de la Juventud,1056,,
828,Boa Vista,1040,,
829,Brava,1040,,
830,Calheta de Sao Miguel,1040,,
831,Fogo,1040,,
832,Maio,1040,,
833,Mosteiros,1040,,
834,Paul,1040,,
835,Porto Novo,1040,,
836,Praia,1040,,
837,Ribeira Grande,1040,,
838,Sal,1040,,
839,Sao Domingos,1040,,
840,Sao Filipe,1040,,
841,Sao Nicolau,1040,,
842,Sao Vicente,1040,,
843,Tarrafal,1040,,
844,Ammochostos Magusa,1057,,
845,Keryneia,1057,,
846,Larnaka,1057,,
847,Lefkosia,1057,,
848,Lemesos,1057,,
849,Pafos,1057,,
850,Jiho?esky kraj,1058,,
851,Jihomoravsky kraj,1058,,
852,Karlovarsky kraj,1058,,
853,Kralovehradecky kraj,1058,,
854,Liberecky kraj,1058,,
855,Moravskoslezsky kraj,1058,,
856,Olomoucky kraj,1058,,
857,Pardubicky kraj,1058,,
858,Plze?sky kraj,1058,,
859,"Praha, hlavni m?sto",1058,,
860,St?edo?esky kraj,1058,,
861,ustecky kraj,1058,,
862,Vyso?ina,1058,,
863,Zlinsky kraj,1058,,
864,Baden,1082,,
865,Bayern,1082,,
866,Bremen,1082,,
867,Hamburg,1082,,
868,Hessen,1082,,
869,Niedersachsen,1082,,
870,Nordrhein,1082,,
871,Rheinland,1082,,
872,Saarland,1082,,
873,Schleswig,1082,,
874,Berlin,1082,,
875,Brandenburg,1082,,
876,Mecklenburg,1082,,
877,Sachsen,1082,,
878,Sachsen,1082,,
879,Thueringen,1082,,
880,Ali Sabiah,1060,,
881,Dikhil,1060,,
882,Djibouti,1060,,
883,Obock,1060,,
884,Tadjoura,1060,,
885,Frederiksberg,1059,,
886,Copenhagen City,1059,,
887,Copenhagen,1059,,
888,Frederiksborg,1059,,
889,Roskilde,1059,,
890,Vestsjaelland,1059,,
891,Storstrom,1059,,
892,Bornholm,1059,,
893,Fyn,1059,,
894,South Jutland,1059,,
895,Ribe,1059,,
896,Vejle,1059,,
897,Ringkjobing,1059,,
898,Arhus,1059,,
899,Viborg,1059,,
900,North Jutland,1059,,
901,Distrito Nacional (Santo Domingo),1062,,
902,Azua,1062,,
903,Bahoruco,1062,,
904,Barahona,1062,,
905,Dajabon,1062,,
906,Duarte,1062,,
907,El Seybo [El Seibo],1062,,
908,Espaillat,1062,,
909,Hato Mayor,1062,,
910,Independencia,1062,,
911,La Altagracia,1062,,
912,La Estrelleta [Elias Pina],1062,,
913,La Romana,1062,,
914,La Vega,1062,,
915,Maroia Trinidad Sanchez,1062,,
916,Monsenor Nouel,1062,,
917,Monte Cristi,1062,,
918,Monte Plata,1062,,
919,Pedernales,1062,,
920,Peravia,1062,,
921,Puerto Plata,1062,,
922,Salcedo,1062,,
923,Samana,1062,,
924,San Cristobal,1062,,
925,San Pedro de Macoris,1062,,
926,Sanchez Ramirez,1062,,
927,Santiago,1062,,
928,Santiago Rodriguez,1062,,
929,Valverde,1062,,
930,Adrar,1003,,
931,Ain Defla,1003,,
932,Ain Tmouchent,1003,,
933,Alger,1003,,
934,Annaba,1003,,
935,Batna,1003,,
936,Bechar,1003,,
937,Bejaia,1003,,
938,Biskra,1003,,
939,Blida,1003,,
940,Bordj Bou Arreridj,1003,,
941,Bouira,1003,,
942,Boumerdes,1003,,
943,Chlef,1003,,
944,Constantine,1003,,
945,Djelfa,1003,,
946,El Bayadh,1003,,
947,El Oued,1003,,
948,El Tarf,1003,,
949,Ghardaia,1003,,
950,Guelma,1003,,
951,Illizi,1003,,
952,Jijel,1003,,
953,Khenchela,1003,,
954,Laghouat,1003,,
955,Mascara,1003,,
956,Medea,1003,,
957,Mila,1003,,
958,Mostaganem,1003,,
959,Msila,1003,,
960,Naama,1003,,
961,Oran,1003,,
962,Ouargla,1003,,
963,Oum el Bouaghi,1003,,
964,Relizane,1003,,
965,Saida,1003,,
966,Setif,1003,,
967,Sidi Bel Abbes,1003,,
968,Skikda,1003,,
969,Souk Ahras,1003,,
970,Tamanghasset,1003,,
971,Tebessa,1003,,
972,Tiaret,1003,,
973,Tindouf,1003,,
974,Tipaza,1003,,
975,Tissemsilt,1003,,
976,Tizi Ouzou,1003,,
977,Tlemcen,1003,,
978,Azuay,1064,,
979,Bolivar,1064,,
980,Canar,1064,,
981,Carchi,1064,,
982,Cotopaxi,1064,,
983,Chimborazo,1064,,
984,El Oro,1064,,
985,Esmeraldas,1064,,
986,Galapagos,1064,,
987,Guayas,1064,,
988,Imbabura,1064,,
989,Loja,1064,,
990,Los Rios,1064,,
991,Manabi,1064,,
992,Morona,1064,,
993,Napo,1064,,
994,Orellana,1064,,
995,Pastaza,1064,,
996,Pichincha,1064,,
997,Sucumbios,1064,,
998,Tungurahua,1064,,
999,Zamora,1064,,
1000,Harjumsa,1069,,
1001,Hitumea,1069,,
1002,Ida,1069,,
1003,Jogevamsa,1069,,
1004,Jarvamsa,1069,,
1005,Lasnemsa,1069,,
1006,Laane,1069,,
1007,Polvamea,1069,,
1008,Parnumsa,1069,,
1009,Raplamsa,1069,,
1010,Saaremsa,1069,,
1011,Tartumsa,1069,,
1012,Valgamaa,1069,,
1013,Viljandimsa,1069,,
1014,Vorumaa,1069,,
1015,Ad Daqahllyah,1065,,
1016,Al Bahr al Ahmar,1065,,
1017,Al Buhayrah,1065,,
1018,Al Fayym,1065,,
1019,Al Gharbiyah,1065,,
1020,Al Iskandarlyah,1065,,
1021,Al Isma illyah,1065,,
1022,Al Jizah,1065,,
1023,Al Minuflyah,1065,,
1024,Al Minya,1065,,
1025,Al Qahirah,1065,,
1026,Al Qalyublyah,1065,,
1027,Al Wadi al Jadid,1065,,
1028,Ash Sharqiyah,1065,,
1029,As Suways,1065,,
1030,Aswan,1065,,
1031,Asyut,1065,,
1032,Bani Suwayf,1065,,
1033,Bur Said,1065,,
1034,Dumyat,1065,,
1035,Janub Sina,1065,,
1036,Kafr ash Shaykh,1065,,
1037,Matruh,1065,,
1038,Qina,1065,,
1039,Shamal Sina,1065,,
1040,Suhaj,1065,,
1041,Anseba,1068,,
1042,Debub,1068,,
1043,Debubawi Keyih Bahri [Debub,1068,,
1044,Gash,1068,,
1045,Maakel [Maekel],1068,,
1046,Semenawi Keyih Bahri [Semien,1068,,
1047,alava,1198,,
1048,Albacete,1198,,
1049,Alicante,1198,,
1050,Almeria,1198,,
1051,Asturias,1198,,
1052,avila,1198,,
1053,Badajoz,1198,,
1054,Baleares,1198,,
1055,Barcelona,1198,,
1056,Burgos,1198,,
1057,Caceres,1198,,
1058,Cadiz,1198,,
1059,Cantabria,1198,,
1060,Castellon,1198,,
1061,Ciudad Real,1198,,
1062,Cuenca,1198,,
1063,Girona [Gerona],1198,,
1064,Granada,1198,,
1065,Guadalajara,1198,,
1066,Guipuzcoa,1198,,
1067,Huelva,1198,,
1068,Huesca,1198,,
1069,Jaen,1198,,
1070,La Coruna,1198,,
1071,La Rioja,1198,,
1072,Las Palmas,1198,,
1073,Leon,1198,,
1074,Lleida [Lerida],1198,,
1075,Lugo,1198,,
1076,Madrid,1198,,
1077,Malaga,1198,,
1078,Murcia,1198,,
1079,Navarra,1198,,
1080,Ourense,1198,,
1081,Palencia,1198,,
1082,Pontevedra,1198,,
1083,Salamanca,1198,,
1084,Santa Cruz de Tenerife,1198,,
1085,Segovia,1198,,
1086,Sevilla,1198,,
1087,Soria,1198,,
1088,Tarragona,1198,,
1089,Teruel,1198,,
1090,Valencia,1198,,
1091,Valladolid,1198,,
1092,Vizcaya,1198,,
1093,Zamora,1198,,
1094,Zaragoza,1198,,
1095,Ceuta,1198,,
1096,Melilla,1198,,
1097,Addis Ababa,1070,,
1098,Dire Dawa,1070,,
1099,Afar,1070,,
1100,Amara,1070,,
1101,Benshangul,1070,,
1102,Gambela Peoples,1070,,
1103,Harari People,1070,,
1104,Oromia,1070,,
1105,Somali,1070,,
1106,"Southern Nations, Nationalities and Peoples",1070,,
1107,Tigrai,1070,,
1108,Eastern,1074,,
1109,Northern,1074,,
1110,Western,1074,,
1111,Rotuma,1074,,
1112,Chuuk,1141,,
1113,Kosrae,1141,,
1114,Pohnpei,1141,,
1115,Yap,1141,,
1116,Ain,1076,,
1117,Aisne,1076,,
1118,Allier,1076,,
1119,Alpes,1076,,
1120,Alpes,1076,,
1121,Ardeche,1076,,
1122,Ardennes,1076,,
1123,Ariege,1076,,
1124,Aube,1076,,
1125,Aude,1076,,
1126,Aveyron,1076,,
1127,Bas,1076,,
1128,Bouches,1076,,
1129,Calvados,1076,,
1130,Cantal,1076,,
1131,Charente,1076,,
1132,Charente,1076,,
1133,Cher,1076,,
1134,Correze,1076,,
1135,Corse,1076,,
1136,Cote,1076,,
1137,Cotes,1076,,
1138,Creuse,1076,,
1139,Deux,1076,,
1140,Dordogne,1076,,
1141,Doubs,1076,,
1142,Drome,1076,,
1143,Essonne,1076,,
1144,Eure,1076,,
1145,Eure,1076,,
1146,Finistere,1076,,
1147,Gard,1076,,
1148,Gers,1076,,
1149,Gironde,1076,,
1150,Haut,1076,,
1151,Haute,1076,,
1152,Haute,1076,,
1153,Haute,1076,,
1154,Haute,1076,,
1155,Haute,1076,,
1156,Haute,1076,,
1157,Hautes,1076,,
1158,Hautes,1076,,
1159,Hauts,1076,,
1160,Herault,1076,,
1161,Indre,1076,,
1162,Ille,1076,,
1163,Indre,1076,,
1164,Isere,1076,,
1165,Landes,1076,,
1166,Loir,1076,,
1167,Loire,1076,,
1168,Loire,1076,,
1169,Loiret,1076,,
1170,Lot,1076,,
1171,Lot,1076,,
1172,Lozere,1076,,
1173,Maine,1076,,
1174,Manche,1076,,
1175,Marne,1076,,
1176,Mayenne,1076,,
1177,Meurthe,1076,,
1178,Meuse,1076,,
1179,Morbihan,1076,,
1180,Moselle,1076,,
1181,Nievre,1076,,
1182,Nord,1076,,
1183,Oise,1076,,
1184,Orne,1076,,
1185,Paris,1076,,
1186,Pas,1076,,
1187,Puy,1076,,
1188,Pyrenees,1076,,
1189,Pyrenees,1076,,
1190,Rhone,1076,,
1191,Saone,1076,,
1192,Sarthe,1076,,
1193,Savoie,1076,,
1194,Seine,1076,,
1195,Seine,1076,,
1196,Seine,1076,,
1197,Somme,1076,,
1198,Tarn,1076,,
1199,Tarn,1076,,
1200,Val dOise,1076,,
1201,Territoire de Belfort,1076,,
1202,Val,1076,,
1203,Var,1076,,
1204,Vaucluse,1076,,
1205,Vendee,1076,,
1206,Vienne,1076,,
1207,Vosges,1076,,
1208,Yonne,1076,,
1209,Yvelines,1076,,
1210,Aberdeen City,1226,,
1211,Aberdeenshire,1226,,
1212,Angus,1226,,
1213,Co Antrim,1226,,
1214,Argyll and Bute,1226,,
1215,Co Armagh,1226,,
1216,Bedfordshire,1226,,
1217,Gwent,1226,,
1218,"Bristol, City of",1226,,
1219,Buckinghamshire,1226,,
1220,Cambridgeshire,1226,,
1221,Cheshire,1226,,
1222,Clackmannanshire,1226,,
1223,Cornwall,1226,,
1224,Cumbria,1226,,
1225,Derbyshire,1226,,
1226,Co Londonderry,1226,,
1227,Devon,1226,,
1228,Dorset,1226,,
1229,Co Down,1226,,
1230,Dumfries and Galloway,1226,,
1231,Dundee City,1226,,
1232,County Durham,1226,,
1233,East Ayrshire,1226,,
1234,East Dunbartonshire,1226,,
1235,East Lothian,1226,,
1236,East Renfrewshire,1226,,
1237,East Riding of Yorkshire,1226,,
1238,East Sussex,1226,,
1239,"Edinburgh, City of",1226,,
1240,Na h,1226,,
1241,Essex,1226,,
1242,Falkirk,1226,,
1243,Co Fermanagh,1226,,
1244,Fife,1226,,
1245,Glasgow City,1226,,
1246,Gloucestershire,1226,,
1247,Gwynedd,1226,,
1248,Hampshire,1226,,
1249,Herefordshire,1226,,
1250,Hertfordshire,1226,,
1251,Highland,1226,,
1252,Inverclyde,1226,,
1253,Isle of Wight,1226,,
1254,Kent,1226,,
1255,Lancashire,1226,,
1256,Leicestershire,1226,,
1257,Midlothian,1226,,
1258,Moray,1226,,
1259,Norfolk,1226,,
1260,North Ayrshire,1226,,
1261,North Lanarkshire,1226,,
1262,North Yorkshire,1226,,
1263,Northamptonshire,1226,,
1264,Northumberland,1226,,
1265,Nottinghamshire,1226,,
1266,Oldham,1226,,
1267,Omagh,1226,,
1268,Orkney Islands,1226,,
1269,Oxfordshire,1226,,
1270,Perth and Kinross,1226,,
1271,Powys,1226,,
1272,Renfrewshire,1226,,
1273,Rutland,1226,,
1274,Scottish Borders,1226,,
1275,Shetland Islands,1226,,
1276,Shropshire,1226,,
1277,Somerset,1226,,
1278,South Ayrshire,1226,,
1279,South Gloucestershire,1226,,
1280,South Lanarkshire,1226,,
1281,Staffordshire,1226,,
1282,Stirling,1226,,
1283,Suffolk,1226,,
1284,Surrey,1226,,
1285,Mid Glamorgan,1226,,
1286,Warwickshire,1226,,
1287,West Dunbartonshire,1226,,
1288,West Lothian,1226,,
1289,West Sussex,1226,,
1290,Wiltshire,1226,,
1291,Worcestershire,1226,,
1292,Ashanti,1083,,
1293,Brong,1083,,
1294,Greater Accra,1083,,
1295,Upper East,1083,,
1296,Upper West,1083,,
1297,Volta,1083,,
1298,Banjul,1213,,
1299,Lower River,1213,,
1300,MacCarthy Island,1213,,
1301,North Bank,1213,,
1302,Upper River,1213,,
1303,Beyla,1091,,
1304,Boffa,1091,,
1305,Boke,1091,,
1306,Coyah,1091,,
1307,Dabola,1091,,
1308,Dalaba,1091,,
1309,Dinguiraye,1091,,
1310,Dubreka,1091,,
1311,Faranah,1091,,
1312,Forecariah,1091,,
1313,Fria,1091,,
1314,Gaoual,1091,,
1315,Guekedou,1091,,
1316,Kankan,1091,,
1317,Kerouane,1091,,
1318,Kindia,1091,,
1319,Kissidougou,1091,,
1320,Koubia,1091,,
1321,Koundara,1091,,
1322,Kouroussa,1091,,
1323,Labe,1091,,
1324,Lelouma,1091,,
1325,Lola,1091,,
1326,Macenta,1091,,
1327,Mali,1091,,
1328,Mamou,1091,,
1329,Mandiana,1091,,
1330,Nzerekore,1091,,
1331,Pita,1091,,
1332,Siguiri,1091,,
1333,Telimele,1091,,
1334,Tougue,1091,,
1335,Yomou,1091,,
1336,Region Continental,1067,,
1337,Region Insular,1067,,
1338,Annobon,1067,,
1339,Bioko Norte,1067,,
1340,Bioko Sur,1067,,
1341,Centro Sur,1067,,
1342,Kie,1067,,
1343,Litoral,1067,,
1344,Wele,1067,,
1345,Achaia,1085,,
1346,Aitolia,1085,,
1347,Argolis,1085,,
1348,Arkadia,1085,,
1349,Arta,1085,,
1350,Attiki,1085,,
1351,Chalkidiki,1085,,
1352,Chania,1085,,
1353,Chios,1085,,
1354,Dodekanisos,1085,,
1355,Drama,1085,,
1356,Evros,1085,,
1357,Evrytania,1085,,
1358,Evvoia,1085,,
1359,Florina,1085,,
1360,Fokis,1085,,
1361,Fthiotis,1085,,
1362,Grevena,1085,,
1363,Ileia,1085,,
1364,Imathia,1085,,
1365,Ioannina,1085,,
1366,Irakleion,1085,,
1367,Karditsa,1085,,
1368,Kastoria,1085,,
1369,Kavalla,1085,,
1370,Kefallinia,1085,,
1371,Kerkyra,1085,,
1372,Kilkis,1085,,
1373,Korinthia,1085,,
1374,Kozani,1085,,
1375,Kyklades,1085,,
1376,Lakonia,1085,,
1377,Larisa,1085,,
1378,Lasithion,1085,,
1379,Lefkas,1085,,
1380,Lesvos,1085,,
1381,Magnisia,1085,,
1382,Messinia,1085,,
1383,Pella,1085,,
1384,Preveza,1085,,
1385,Rethymnon,1085,,
1386,Rodopi,1085,,
1387,Samos,1085,,
1388,Serrai,1085,,
1389,Thesprotia,1085,,
1390,Thessaloniki,1085,,
1391,Trikala,1085,,
1392,Voiotia,1085,,
1393,Xanthi,1085,,
1394,Zakynthos,1085,,
1395,Agio Oros,1085,,
1396,Alta Verapez,1090,,
1397,Baja Verapez,1090,,
1398,Chimaltenango,1090,,
1399,Chiquimula,1090,,
1400,El Progreso,1090,,
1401,Escuintla,1090,,
1402,Guatemala,1090,,
1403,Huehuetenango,1090,,
1404,Izabal,1090,,
1405,Jalapa,1090,,
1406,Jutiapa,1090,,
1407,Peten,1090,,
1408,Quetzaltenango,1090,,
1409,Quiche,1090,,
1410,Reta.thuleu,1090,,
1411,Sacatepequez,1090,,
1412,San Marcos,1090,,
1413,Santa Rosa,1090,,
1414,Solol6,1090,,
1415,Suchitepequez,1090,,
1416,Totonicapan,1090,,
1417,Zacapa,1090,,
1418,Bissau,1092,,
1419,Bafata,1092,,
1420,Biombo,1092,,
1421,Bolama,1092,,
1422,Cacheu,1092,,
1423,Gabu,1092,,
1424,Oio,1092,,
1425,Quloara,1092,,
1426,Tombali S,1092,,
1427,Barima,1093,,
1428,Cuyuni,1093,,
1429,Demerara,1093,,
1430,East Berbice,1093,,
1431,Essequibo Islands,1093,,
1432,Mahaica,1093,,
1433,Pomeroon,1093,,
1434,Potaro,1093,,
1435,Upper Demerara,1093,,
1436,Upper Takutu,1093,,
1437,Atlantida,1097,,
1438,Colon,1097,,
1439,Comayagua,1097,,
1440,Copan,1097,,
1441,Cortes,1097,,
1442,Choluteca,1097,,
1443,El Paraiso,1097,,
1444,Francisco Morazan,1097,,
1445,Gracias a Dios,1097,,
1446,Intibuca,1097,,
1447,Islas de la Bahia,1097,,
1448,Lempira,1097,,
1449,Ocotepeque,1097,,
1450,Olancho,1097,,
1451,Santa Barbara,1097,,
1452,Valle,1097,,
1453,Yoro,1097,,
1454,Bjelovarsko,1055,,
1455,Brodsko,1055,,
1456,Dubrovacko,1055,,
1457,Istarska zupanija,1055,,
1458,Karlovacka zupanija,1055,,
1459,Koprivnickco,1055,,
1460,Krapinako,1055,,
1461,Licko,1055,,
1462,Medimurska zupanija,1055,,
1463,Osjecko,1055,,
1464,Pozesko,1055,,
1465,Primorsko,1055,,
1466,Sisacko,1055,,
1467,Splitako,1055,,
1468,Sibenako,1055,,
1469,Varaidinska zupanija,1055,,
1470,VirovitiEko,1055,,
1471,VuRovarako,1055,,
1472,Zadaraka,1055,,
1473,Zagrebacka zupanija,1055,,
1474,Grande,1094,,
1475,Nord,1094,,
1476,Nord,1094,,
1477,Ouest,1094,,
1478,Sud,1094,,
1479,Sud,1094,,
1480,Budapest,1099,,
1481,Bacs,1099,,
1482,Baranya,1099,,
1483,Bekes,1099,,
1484,Borsod,1099,,
1485,Csongrad,1099,,
1486,Fejer,1099,,
1487,Gy?r,1099,,
1488,Hajdu,1099,,
1489,Heves,1099,,
1490,Jasz,1099,,
1491,Komarom,1099,,
1492,Nograd,1099,,
1493,Pest,1099,,
1494,Somogy,1099,,
1495,Szabolcs,1099,,
1496,Tolna,1099,,
1497,Vas,1099,,
1498,Veszprem,1099,,
1499,Zala,1099,,
1500,Bekescsaba,1099,,
1501,Debrecen,1099,,
1502,Dunaujvaros,1099,,
1503,Eger,1099,,
1504,Gy?r,1099,,
1505,Hodmez?vasarhely,1099,,
1506,Kaposvar,1099,,
1507,Kecskemet,1099,,
1508,Miskolc,1099,,
1509,Nagykanizsa,1099,,
1510,Nyiregyhaza,1099,,
1511,Pecs,1099,,
1512,Salgotarjan,1099,,
1513,Sopron,1099,,
1514,Szeged,1099,,
1515,Szekesfehervar,1099,,
1516,Szekszard,1099,,
1517,Szolnok,1099,,
1518,Szombathely,1099,,
1519,Tatabanya,1099,,
1520,Zalaegerszeg,1099,,
1521,Bali,1102,,
1522,Bangka Belitung,1102,,
1523,Banten,1102,,
1524,Bengkulu,1102,,
1525,Gorontalo,1102,,
1526,Irian Jaya,1102,,
1527,Jambi,1102,,
1528,Jawa Barat,1102,,
1529,Jawa Tengah,1102,,
1530,Jawa Timur,1102,,
1531,Kalimantan Barat,1102,,
1532,Kalimantan Timur,1102,,
1533,Kalimantan Selatan,1102,,
1534,Kepulauan Riau,1102,,
1535,Lampung,1102,,
1536,Maluku,1102,,
1537,Maluku Utara,1102,,
1538,Nusa Tenggara Barat,1102,,
1539,Nusa Tenggara Timur,1102,,
1540,Papua,1102,,
1541,Riau,1102,,
1542,Sulawesi Selatan,1102,,
1543,Sulawesi Tengah,1102,,
1544,Sulawesi Tenggara,1102,,
1545,Sulawesi Utara,1102,,
1546,Sumatra Barat,1102,,
1547,Sumatra Selatan,1102,,
1548,Sumatera Utara,1102,,
1549,Jakarta Raya,1102,,
1550,Aceh,1102,,
1551,Yogyakarta,1102,,
1552,Cork,1105,,
1553,Clare,1105,,
1554,Cavan,1105,,
1555,Carlow,1105,,
1556,Dublin,1105,,
1557,Donegal,1105,,
1558,Galway,1105,,
1559,Kildare,1105,,
1560,Kilkenny,1105,,
1561,Kerry,1105,,
1562,Longford,1105,,
1563,Louth,1105,,
1564,Limerick,1105,,
1565,Leitrim,1105,,
1566,Laois,1105,,
1567,Meath,1105,,
1568,Monaghan,1105,,
1569,Mayo,1105,,
1570,Offaly,1105,,
1571,Roscommon,1105,,
1572,Sligo,1105,,
1573,Tipperary,1105,,
1574,Waterford,1105,,
1575,Westmeath,1105,,
1576,Wicklow,1105,,
1577,Wexford,1105,,
1578,HaDarom,1106,,
1579,HaMerkaz,1106,,
1580,HaZafon,1106,,
1581,Haifa,1106,,
1582,Tel,1106,,
1583,Jerusalem,1106,,
1584,Al Anbar,1104,,
1585,"Al Ba,rah",1104,,
1586,Al Muthanna,1104,,
1587,Al Qadisiyah,1104,,
1588,An Najef,1104,,
1589,Arbil,1104,,
1590,As Sulaymaniyah,1104,,
1591,At Tamim,1104,,
1592,Babil,1104,,
1593,Baghdad,1104,,
1594,Dahuk,1104,,
1595,Dhi Qar,1104,,
1596,Diyala,1104,,
1597,Karbala,1104,,
1598,Maysan,1104,,
1599,Ninawa,1104,,
1600,Salah ad Din,1104,,
1601,Wasit,1104,,
1602,Ardabil,1103,,
1603,Azarbayjan,1103,,
1604,Azarbayjan,1103,,
1605,Bushehr,1103,,
1606,Chahar Mahall va Bakhtiari,1103,,
1607,Esfahan,1103,,
1608,Fars,1103,,
1609,Gilan,1103,,
1610,Golestan,1103,,
1611,Hamadan,1103,,
1612,Hormozgan,1103,,
1613,Iiam,1103,,
1614,Kerman,1103,,
1615,Kermanshah,1103,,
1616,Khorasan,1103,,
1617,Khuzestan,1103,,
1618,Kohjiluyeh va Buyer Ahmad,1103,,
1619,Kordestan,1103,,
1620,Lorestan,1103,,
1621,Markazi,1103,,
1622,Mazandaran,1103,,
1623,Qazvin,1103,,
1624,Qom,1103,,
1625,Semnan,1103,,
1626,Sistan va Baluchestan,1103,,
1627,Tehran,1103,,
1628,Yazd,1103,,
1629,Zanjan,1103,,
1630,Austurland,1100,,
1631,Hofuoborgarsvaeoi utan Reykjavikur,1100,,
1632,Norourland eystra,1100,,
1633,Norourland vestra,1100,,
1634,Reykjavik,1100,,
1635,Suourland,1100,,
1636,Suournes,1100,,
1637,Vestfirolr,1100,,
1638,Vesturland,1100,,
1639,Agrigento,1107,,
1640,Alessandria,1107,,
1641,Ancona,1107,,
1642,Aosta,1107,,
1643,Arezzo,1107,,
1644,Ascoli Piceno,1107,,
1645,Asti,1107,,
1646,Avellino,1107,,
1647,Bari,1107,,
1648,Belluno,1107,,
1649,Benevento,1107,,
1650,Bergamo,1107,,
1651,Biella,1107,,
1652,Bologna,1107,,
1653,Bolzano,1107,,
1654,Brescia,1107,,
1655,Brindisi,1107,,
1656,Cagliari,1107,,
1657,Caltanissetta,1107,,
1658,Campobasso,1107,,
1659,Caserta,1107,,
1660,Catania,1107,,
1661,Catanzaro,1107,,
1662,Chieti,1107,,
1663,Como,1107,,
1664,Cosenza,1107,,
1665,Cremona,1107,,
1666,Crotone,1107,,
1667,Cuneo,1107,,
1668,Enna,1107,,
1669,Ferrara,1107,,
1670,Firenze,1107,,
1671,Foggia,1107,,
1672,Forli,1107,,
1673,Frosinone,1107,,
1674,Genova,1107,,
1675,Gorizia,1107,,
1676,Grosseto,1107,,
1677,Imperia,1107,,
1678,Isernia,1107,,
1679,LAquila,1107,,
1680,La Spezia,1107,,
1681,Latina,1107,,
1682,Lecce,1107,,
1683,Lecco,1107,,
1684,Livorno,1107,,
1685,Lodi,1107,,
1686,Lucca,1107,,
1687,Macerata,1107,,
1688,Mantova,1107,,
1689,Massa,1107,,
1690,Matera,1107,,
1691,Messina,1107,,
1692,Milano,1107,,
1693,Modena,1107,,
1694,Napoli,1107,,
1695,Novara,1107,,
1696,Nuoro,1107,,
1697,Oristano,1107,,
1698,Padova,1107,,
1699,Palermo,1107,,
1700,Parma,1107,,
1701,Pavia,1107,,
1702,Perugia,1107,,
1703,Pesaro e Urbino,1107,,
1704,Pescara,1107,,
1705,Piacenza,1107,,
1706,Pisa,1107,,
1707,Pistoia,1107,,
1708,Pordenone,1107,,
1709,Potenza,1107,,
1710,Prato,1107,,
1711,Ragusa,1107,,
1712,Ravenna,1107,,
1713,Reggio Calabria,1107,,
1714,Reggio Emilia,1107,,
1715,Rieti,1107,,
1716,Rimini,1107,,
1717,Roma,1107,,
1718,Rovigo,1107,,
1719,Salerno,1107,,
1720,Sassari,1107,,
1721,Savona,1107,,
1722,Siena,1107,,
1723,Siracusa,1107,,
1724,Sondrio,1107,,
1725,Taranto,1107,,
1726,Teramo,1107,,
1727,Terni,1107,,
1728,Torino,1107,,
1729,Trapani,1107,,
1730,Trento,1107,,
1731,Treviso,1107,,
1732,Trieste,1107,,
1733,Udine,1107,,
1734,Varese,1107,,
1735,Venezia,1107,,
1736,Verbano,1107,,
1737,Vercelli,1107,,
1738,Verona,1107,,
1739,Vibo Valentia,1107,,
1740,Vicenza,1107,,
1741,Viterbo,1107,,
1742,Aichi,1109,,
1743,Akita,1109,,
1744,Aomori,1109,,
1745,Chiba,1109,,
1746,Ehime,1109,,
1747,Fukui,1109,,
1748,Fukuoka,1109,,
1749,Fukusima,1109,,
1750,Gifu,1109,,
1751,Gunma,1109,,
1752,Hiroshima,1109,,
1753,Hokkaido,1109,,
1754,Hyogo,1109,,
1755,Ibaraki,1109,,
1756,Ishikawa,1109,,
1757,Iwate,1109,,
1758,Kagawa,1109,,
1759,Kagoshima,1109,,
1760,Kanagawa,1109,,
1761,Kochi,1109,,
1762,Kumamoto,1109,,
1763,Kyoto,1109,,
1764,Mie,1109,,
1765,Miyagi,1109,,
1766,Miyazaki,1109,,
1767,Nagano,1109,,
1768,Nagasaki,1109,,
1769,Nara,1109,,
1770,Niigata,1109,,
1771,Oita,1109,,
1772,Okayama,1109,,
1773,Okinawa,1109,,
1774,Osaka,1109,,
1775,Saga,1109,,
1776,Saitama,1109,,
1777,Shiga,1109,,
1778,Shimane,1109,,
1779,Shizuoka,1109,,
1780,Tochigi,1109,,
1781,Tokushima,1109,,
1782,Tokyo,1109,,
1783,Tottori,1109,,
1784,Toyama,1109,,
1785,Wakayama,1109,,
1786,Yamagata,1109,,
1787,Yamaguchi,1109,,
1788,Yamanashi,1109,,
1789,Clarendon,1108,,
1790,Hanover,1108,,
1791,Kingston,1108,,
1792,Portland,1108,,
1793,Saint Andrew,1108,,
1794,Saint Ann,1108,,
1795,Saint Catherine,1108,,
1796,Saint Elizabeth,1108,,
1797,Saint James,1108,,
1798,Saint Mary,1108,,
1799,Saint Thomas,1108,,
1800,Trelawny,1108,,
1801,Westmoreland,1108,,
1802,Ajln,1110,,
1803,Al Aqaba,1110,,
1804,Al Balqa,1110,,
1805,Al Karak,1110,,
1806,Al Mafraq,1110,,
1807,Amman,1110,,
1808,At Tafilah,1110,,
1809,Az Zarga,1110,,
1810,Irbid,1110,,
1811,Jarash,1110,,
1812,Maan,1110,,
1813,Madaba,1110,,
1814,Nairobi Municipality,1112,,
1815,Coast,1112,,
1816,North,1112,,
1817,Rift Valley,1112,,
1818,Western Magharibi,1112,,
1819,Bishkek,1117,,
1820,Batken,1117,,
1821,Chu,1117,,
1822,Jalal,1117,,
1823,Naryn,1117,,
1824,Osh,1117,,
1825,Talas,1117,,
1826,Ysyk,1117,,
1827,Krong Kaeb,1037,,
1828,Krong Pailin,1037,,
1829,Xrong Preah Sihanouk,1037,,
1830,Phnom Penh,1037,,
1831,Baat Dambang,1037,,
1832,Banteay Mean Chey,1037,,
1833,Rampong Chaam,1037,,
1834,Kampong Chhnang,1037,,
1835,Kampong Spueu,1037,,
1836,Kampong Thum,1037,,
1837,Kampot,1037,,
1838,Kandaal,1037,,
1839,Kach Kong,1037,,
1840,Krachoh,1037,,
1841,Mondol Kiri,1037,,
1842,Otdar Mean Chey,1037,,
1843,Pousaat,1037,,
1844,Preah Vihear,1037,,
1845,Prey Veaeng,1037,,
1846,Rotanak Kiri,1037,,
1847,Siem Reab,1037,,
1848,Stueng Traeng,1037,,
1849,Svaay Rieng,1037,,
1850,Taakaev,1037,,
1851,Gilbert Islands,1113,,
1852,Line Islands,1113,,
1853,Phoenix Islands,1113,,
1854,Anjouan Ndzouani,1049,,
1855,Grande Comore Ngazidja,1049,,
1856,Moheli Moili,1049,,
1857,Kaesong,1114,,
1858,Nampo,1114,,
1859,Pyongyang,1114,,
1860,Chagang,1114,,
1861,Hamgyongbuk,1114,,
1862,Hamgyongnam,1114,,
1863,Hwanghaebuk,1114,,
1864,Hwanghaenam,1114,,
1865,Kangwon,1114,,
1866,Pyonganbuk,1114,,
1867,Pyongannam,1114,,
1868,Yanggang,1114,,
1869,Najin Sonbong,1114,,
1870,Seoul Teugbyeolsi,1115,,
1871,Busan Gwangyeogsi,1115,,
1872,Daegu Gwangyeogsi,1115,,
1873,Daejeon Gwangyeogsi,1115,,
1874,Gwangju Gwangyeogsi,1115,,
1875,Incheon Gwangyeogsi,1115,,
1876,Ulsan Gwangyeogsi,1115,,
1877,Chungcheongbugdo,1115,,
1878,Chungcheongnamdo,1115,,
1879,Gangweondo,1115,,
1880,Gyeonggido,1115,,
1881,Gyeongsangbugdo,1115,,
1882,Gyeongsangnamdo,1115,,
1883,Jejudo,1115,,
1884,Jeonrabugdo,1115,,
1885,Jeonranamdo,1115,,
1886,Al Ahmadi,1116,,
1887,Al Farwanlyah,1116,,
1888,Al Jahrah,1116,,
1889,Al Kuwayt,1116,,
1890,Hawalli,1116,,
1891,Almaty,1111,,
1892,Astana,1111,,
1893,Almaty oblysy,1111,,
1894,Aqmola oblysy,1111,,
1895,Aqtobe oblysy,1111,,
1896,Atyrau oblyfiy,1111,,
1897,Batys Quzaqstan oblysy,1111,,
1898,Mangghystau oblysy,1111,,
1899,Ongtustik Quzaqstan oblysy,1111,,
1900,Pavlodar oblysy,1111,,
1901,Qaraghandy oblysy,1111,,
1902,Qostanay oblysy,1111,,
1903,Qyzylorda oblysy,1111,,
1904,Shyghys Quzaqstan oblysy,1111,,
1905,Soltustik Quzaqstan oblysy,1111,,
1906,Zhambyl oblysy Zhambylskaya oblast,1111,,
1907,Vientiane,1118,,
1908,Attapu,1118,,
1909,Bokeo,1118,,
1910,Bolikhamxai,1118,,
1911,Champasak,1118,,
1912,Houaphan,1118,,
1913,Khammouan,1118,,
1914,Louang Namtha,1118,,
1915,Louangphabang,1118,,
1916,Oudomxai,1118,,
1917,Phongsali,1118,,
1918,Salavan,1118,,
1919,Savannakhet,1118,,
1920,Xaignabouli,1118,,
1921,Xiasomboun,1118,,
1922,Xekong,1118,,
1923,Xiangkhoang,1118,,
1924,Beirout,1120,,
1925,El Begsa,1120,,
1926,Jabal Loubnane,1120,,
1927,Loubnane ech Chemali,1120,,
1928,Loubnane ej Jnoubi,1120,,
1929,Nabatiye,1120,,
1930,Ampara,1199,,
1931,Anuradhapura,1199,,
1932,Badulla,1199,,
1933,Batticaloa,1199,,
1934,Colombo,1199,,
1935,Galle,1199,,
1936,Gampaha,1199,,
1937,Hambantota,1199,,
1938,Jaffna,1199,,
1939,Kalutara,1199,,
1940,Kandy,1199,,
1941,Kegalla,1199,,
1942,Kilinochchi,1199,,
1943,Kurunegala,1199,,
1944,Mannar,1199,,
1945,Matale,1199,,
1946,Matara,1199,,
1947,Monaragala,1199,,
1948,Mullaittivu,1199,,
1949,Nuwara Eliya,1199,,
1950,Polonnaruwa,1199,,
1951,Puttalum,1199,,
1952,Ratnapura,1199,,
1953,Trincomalee,1199,,
1954,VavunLya,1199,,
1955,Bomi,1122,,
1956,Bong,1122,,
1957,Grand Basaa,1122,,
1958,Grand Cape Mount,1122,,
1959,Grand Gedeh,1122,,
1960,Grand Kru,1122,,
1961,Lofa,1122,,
1962,Margibi,1122,,
1963,Maryland,1122,,
1964,Montserrado,1122,,
1965,Nimba,1122,,
1966,Rivercess,1122,,
1967,Sinoe,1122,,
1968,Berea,1121,,
1969,Butha,1121,,
1970,Leribe,1121,,
1971,Mafeteng,1121,,
1972,Maseru,1121,,
1973,Mohales Hoek,1121,,
1974,Mokhotlong,1121,,
1975,Qachas Nek,1121,,
1976,Quthing,1121,,
1977,Thaba,1121,,
1978,Alytaus Apskritis,1125,,
1979,Kauno Apskritis,1125,,
1980,Klaipedos Apskritis,1125,,
1981,Marijampoles Apskritis,1125,,
1982,Panevezio Apskritis,1125,,
1983,Sisuliu Apskritis,1125,,
1984,Taurages Apskritis,1125,,
1985,Telsiu Apskritis,1125,,
1986,Utenos Apskritis,1125,,
1987,Vilniaus Apskritis,1125,,
1988,Diekirch,1126,,
1989,GreveNmacher,1126,,
1990,Aizkraukles Apripkis,1119,,
1991,Alkanes Apripkis,1119,,
1992,Balvu Apripkis,1119,,
1993,Bauskas Apripkis,1119,,
1994,Cesu Aprikis,1119,,
1995,Daugavpile Apripkis,1119,,
1996,Dobeles Apripkis,1119,,
1997,Gulbenes Aprlpkis,1119,,
1998,Jelgavas Apripkis,1119,,
1999,Jekabpils Apripkis,1119,,
2000,Kraslavas Apripkis,1119,,
2001,Kuldlgas Apripkis,1119,,
2002,Limbazu Apripkis,1119,,
2003,Liepajas Apripkis,1119,,
2004,Ludzas Apripkis,1119,,
2005,Madonas Apripkis,1119,,
2006,Ogres Apripkis,1119,,
2007,Preilu Apripkis,1119,,
2008,Rezaknes Apripkis,1119,,
2009,Rigas Apripkis,1119,,
2010,Saldus Apripkis,1119,,
2011,Talsu Apripkis,1119,,
2012,Tukuma Apriplcis,1119,,
2013,Valkas Apripkis,1119,,
2014,Valmieras Apripkis,1119,,
2015,Ventspils Apripkis,1119,,
2016,Daugavpils,1119,,
2017,Jelgava,1119,,
2018,Jurmala,1119,,
2019,Liepaja,1119,,
2020,Rezekne,1119,,
2021,Riga,1119,,
2022,Ventspils,1119,,
2023,Ajd?biy?,1123,,
2024,Al Bu?n?n,1123,,
2025,Al Hiz?m al Akhdar,1123,,
2026,Al Jabal al Akhdar,1123,,
2027,Al Jif?rah,1123,,
2028,Al Jufrah,1123,,
2029,Al Kufrah,1123,,
2030,Al Marj,1123,,
2031,Al Marqab,1123,,
2032,Al Qa?r?n,1123,,
2033,Al Qubbah,1123,,
2034,Al W?hah,1123,,
2035,An Nuqa? al Khams,1123,,
2036,Ash Sh??i,1123,,
2037,Az Z?wiyah,1123,,
2038,Bangh?z?,1123,,
2039,Ban? Wal?d,1123,,
2040,Darnah,1123,,
2041,Ghad?mis,1123,,
2042,Ghary?n,1123,,
2043,Gh?t,1123,,
2044,Jaghb?b,1123,,
2045,Mi?r?tah,1123,,
2046,Mizdah,1123,,
2047,Murzuq,1123,,
2048,N?l?t,1123,,
2049,Sabh?,1123,,
2050,?abr?tah ?urm?n,1123,,
2051,Surt,1123,,
2052,T?j?r? wa an Naw?h? al Arb?h,1123,,
2053,?ar?bulus,1123,,
2054,Tarh?nah,1123,,
2055,W?d? al hay?t,1123,,
2056,Yafran,1123,,
2057,Agadir,1146,,
2058,Ait Baha,1146,,
2059,Ait Melloul,1146,,
2060,Al Haouz,1146,,
2061,Al Hoceima,1146,,
2062,Assa,1146,,
2063,Azilal,1146,,
2064,Beni Mellal,1146,,
2065,Ben Sllmane,1146,,
2066,Berkane,1146,,
2067,Boujdour,1146,,
2068,Boulemane,1146,,
2069,Casablanca  [Dar el Beida],1146,,
2070,Chefchaouene,1146,,
2071,Chichaoua,1146,,
2072,El Hajeb,1146,,
2073,El Jadida,1146,,
2074,Errachidia,1146,,
2075,Essaouira,1146,,
2076,Es Smara,1146,,
2077,Fes,1146,,
2078,Figuig,1146,,
2079,Guelmim,1146,,
2080,Ifrane,1146,,
2081,Jerada,1146,,
2082,Kelaat Sraghna,1146,,
2083,Kenitra,1146,,
2084,Khemisaet,1146,,
2085,Khenifra,1146,,
2086,Khouribga,1146,,
2087,Laayoune (EH),1146,,
2088,Larache,1146,,
2089,Marrakech,1146,,
2090,Meknses,1146,,
2091,Nador,1146,,
2092,Ouarzazate,1146,,
2093,Oued ed Dahab (EH),1146,,
2094,Oujda,1146,,
2095,Rabat,1146,,
2096,Safi,1146,,
2097,Sefrou,1146,,
2098,Settat,1146,,
2099,Sidl Kacem,1146,,
2100,Tanger,1146,,
2101,Tan,1146,,
2102,Taounate,1146,,
2103,Taroudannt,1146,,
2104,Tata,1146,,
2105,Taza,1146,,
2106,Tetouan,1146,,
2107,Tiznit,1146,,
2108,"Gagauzia, Unitate Teritoriala Autonoma",1142,,
2109,Chisinau,1142,,
2110,"Stinga Nistrului, unitatea teritoriala din",1142,,
2111,Balti,1142,,
2112,Cahul,1142,,
2113,Edinet,1142,,
2114,Lapusna,1142,,
2115,Orhei,1142,,
2116,Soroca,1142,,
2117,Taraclia,1142,,
2118,Tighina [Bender],1142,,
2119,Ungheni,1142,,
2120,Antananarivo,1129,,
2121,Antsiranana,1129,,
2122,Fianarantsoa,1129,,
2123,Mahajanga,1129,,
2124,Toamasina,1129,,
2125,Toliara,1129,,
2126,Ailinglapalap,1135,,
2127,Ailuk,1135,,
2128,Arno,1135,,
2129,Aur,1135,,
2130,Ebon,1135,,
2131,Eniwetok,1135,,
2132,Jaluit,1135,,
2133,Kili,1135,,
2134,Kwajalein,1135,,
2135,Lae,1135,,
2136,Lib,1135,,
2137,Likiep,1135,,
2138,Majuro,1135,,
2139,Maloelap,1135,,
2140,Mejit,1135,,
2141,Mili,1135,,
2142,Namorik,1135,,
2143,Namu,1135,,
2144,Rongelap,1135,,
2145,Ujae,1135,,
2146,Ujelang,1135,,
2147,Utirik,1135,,
2148,Wotho,1135,,
2149,Wotje,1135,,
2150,Bamako,1133,,
2151,Gao,1133,,
2152,Kayes,1133,,
2153,Kidal,1133,,
2154,Xoulikoro,1133,,
2155,Mopti,1133,,
2156,S69ou,1133,,
2157,Sikasso,1133,,
2158,Tombouctou,1133,,
2159,Ayeyarwady,1035,,
2160,Bago,1035,,
2161,Magway,1035,,
2162,Mandalay,1035,,
2163,Sagaing,1035,,
2164,Tanintharyi,1035,,
2165,Yangon,1035,,
2166,Chin,1035,,
2167,Kachin,1035,,
2168,Kayah,1035,,
2169,Kayin,1035,,
2170,Mon,1035,,
2171,Rakhine,1035,,
2172,Shan,1035,,
2173,Ulaanbaatar,1144,,
2174,Arhangay,1144,,
2175,Bayanhongor,1144,,
2176,Bayan,1144,,
2177,Bulgan,1144,,
2178,Darhan uul,1144,,
2179,Dornod,1144,,
2180,"Dornogov,",1144,,
2181,DundgovL,1144,,
2182,Dzavhan,1144,,
2183,Govi,1144,,
2184,Govi,1144,,
2185,Hentiy,1144,,
2186,Hovd,1144,,
2187,Hovsgol,1144,,
2188,Omnogovi,1144,,
2189,Orhon,1144,,
2190,Ovorhangay,1144,,
2191,Selenge,1144,,
2192,Shbaatar,1144,,
2193,Tov,1144,,
2194,Uvs,1144,,
2195,Nouakchott,1137,,
2196,Assaba,1137,,
2197,Brakna,1137,,
2198,Dakhlet Nouadhibou,1137,,
2199,Gorgol,1137,,
2200,Guidimaka,1137,,
2201,Hodh ech Chargui,1137,,
2202,Hodh el Charbi,1137,,
2203,Inchiri,1137,,
2204,Tagant,1137,,
2205,Tiris Zemmour,1137,,
2206,Trarza,1137,,
2207,Beau Bassin,1138,,
2208,Curepipe,1138,,
2209,Port Louis,1138,,
2210,Quatre Bornes,1138,,
2211,Vacosa,1138,,
2212,Black River,1138,,
2213,Flacq,1138,,
2214,Grand Port,1138,,
2215,Moka,1138,,
2216,Pamplemousses,1138,,
2217,Plaines Wilhems,1138,,
2218,Riviere du Rempart,1138,,
2219,Savanne,1138,,
2220,Agalega Islands,1138,,
2221,Cargados Carajos Shoals,1138,,
2222,Rodrigues Island,1138,,
2223,Male,1132,,
2224,Alif,1132,,
2225,Baa,1132,,
2226,Dhaalu,1132,,
2227,Faafu,1132,,
2228,Gaaf Alif,1132,,
2229,Gaefu Dhaalu,1132,,
2230,Gnaviyani,1132,,
2231,Haa Alif,1132,,
2232,Haa Dhaalu,1132,,
2233,Kaafu,1132,,
2234,Laamu,1132,,
2235,Lhaviyani,1132,,
2236,Meemu,1132,,
2237,Noonu,1132,,
2238,Raa,1132,,
2239,Seenu,1132,,
2240,Shaviyani,1132,,
2241,Thaa,1132,,
2242,Vaavu,1132,,
2243,Balaka,1130,,
2244,Blantyre,1130,,
2245,Chikwawa,1130,,
2246,Chiradzulu,1130,,
2247,Chitipa,1130,,
2248,Dedza,1130,,
2249,Dowa,1130,,
2250,Karonga,1130,,
2251,Kasungu,1130,,
2252,Likoma Island,1130,,
2253,Lilongwe,1130,,
2254,Machinga,1130,,
2255,Mangochi,1130,,
2256,Mchinji,1130,,
2257,Mulanje,1130,,
2258,Mwanza,1130,,
2259,Mzimba,1130,,
2260,Nkhata Bay,1130,,
2261,Nkhotakota,1130,,
2262,Nsanje,1130,,
2263,Ntcheu,1130,,
2264,Ntchisi,1130,,
2265,Phalomba,1130,,
2266,Rumphi,1130,,
2267,Salima,1130,,
2268,Thyolo,1130,,
2269,Zomba,1130,,
2270,Aguascalientes,1140,,
2271,Baja California,1140,,
2272,Baja California Sur,1140,,
2273,Campeche,1140,,
2274,Coahuila,1140,,
2275,Colima,1140,,
2276,Chiapas,1140,,
2277,Chihuahua,1140,,
2278,Durango,1140,,
2279,Guanajuato,1140,,
2280,Guerrero,1140,,
2281,Hidalgo,1140,,
2282,Jalisco,1140,,
2283,Mexico,1140,,
2284,Michoacin,1140,,
2285,Morelos,1140,,
2286,Nayarit,1140,,
2287,Nuevo Leon,1140,,
2288,Oaxaca,1140,,
2289,Puebla,1140,,
2290,Queretaro,1140,,
2291,Quintana Roo,1140,,
2292,San Luis Potosi,1140,,
2293,Sinaloa,1140,,
2294,Sonora,1140,,
2295,Tabasco,1140,,
2296,Tamaulipas,1140,,
2297,Tlaxcala,1140,,
2298,Veracruz,1140,,
2299,Yucatan,1140,,
2300,Zacatecas,1140,,
2301,Wilayah Persekutuan Kuala Lumpur,1131,,
2302,Wilayah Persekutuan Labuan,1131,,
2303,Wilayah Persekutuan Putrajaya,1131,,
2304,Johor,1131,,
2305,Kedah,1131,,
2306,Kelantan,1131,,
2307,Melaka,1131,,
2308,Negeri Sembilan,1131,,
2309,Pahang,1131,,
2310,Perak,1131,,
2311,Perlis,1131,,
2312,Pulau Pinang,1131,,
2313,Sabah,1131,,
2314,Sarawak,1131,,
2315,Selangor,1131,,
2316,Terengganu,1131,,
2317,Maputo,1147,,
2318,Cabo Delgado,1147,,
2319,Gaza,1147,,
2320,Inhambane,1147,,
2321,Manica,1147,,
2322,Numpula,1147,,
2323,Niaaea,1147,,
2324,Sofala,1147,,
2325,Tete,1147,,
2326,Zambezia,1147,,
2327,Caprivi,1148,,
2328,Erongo,1148,,
2329,Hardap,1148,,
2330,Karas,1148,,
2331,Khomae,1148,,
2332,Kunene,1148,,
2333,Ohangwena,1148,,
2334,Okavango,1148,,
2335,Omaheke,1148,,
2336,Omusati,1148,,
2337,Oshana,1148,,
2338,Oshikoto,1148,,
2339,Otjozondjupa,1148,,
2340,Niamey,1156,,
2341,Agadez,1156,,
2342,Diffa,1156,,
2343,Dosso,1156,,
2344,Maradi,1156,,
2345,Tahoua,1156,,
2346,Tillaberi,1156,,
2347,Zinder,1156,,
2348,Abuja Capital Territory,1157,,
2349,Abia,1157,,
2350,Adamawa,1157,,
2351,Akwa Ibom,1157,,
2352,Anambra,1157,,
2353,Bauchi,1157,,
2354,Bayelsa,1157,,
2355,Benue,1157,,
2356,Borno,1157,,
2357,Cross River,1157,,
2358,Delta,1157,,
2359,Ebonyi,1157,,
2360,Edo,1157,,
2361,Ekiti,1157,,
2362,Enugu,1157,,
2363,Gombe,1157,,
2364,Imo,1157,,
2365,Jigawa,1157,,
2366,Kaduna,1157,,
2367,Kano,1157,,
2368,Katsina,1157,,
2369,Kebbi,1157,,
2370,Kogi,1157,,
2371,Kwara,1157,,
2372,Lagos,1157,,
2373,Nassarawa,1157,,
2374,Niger,1157,,
2375,Ogun,1157,,
2376,Ondo,1157,,
2377,Osun,1157,,
2378,Oyo,1157,,
2379,Rivers,1157,,
2380,Sokoto,1157,,
2381,Taraba,1157,,
2382,Yobe,1157,,
2383,Zamfara,1157,,
2384,Boaco,1155,,
2385,Carazo,1155,,
2386,Chinandega,1155,,
2387,Chontales,1155,,
2388,Esteli,1155,,
2389,Jinotega,1155,,
2390,Leon,1155,,
2391,Madriz,1155,,
2392,Managua,1155,,
2393,Masaya,1155,,
2394,Matagalpa,1155,,
2395,Nueva Segovia,1155,,
2396,Rio San Juan,1155,,
2397,Rivas,1155,,
2398,Atlantico Norte,1155,,
2399,Atlantico Sur,1155,,
2400,Drente,1152,,
2401,Flevoland,1152,,
2402,Friesland,1152,,
2403,Gelderland,1152,,
2404,Groningen,1152,,
2405,Noord,1152,,
2406,Noord,1152,,
2407,Overijssel,1152,,
2408,Utrecht,1152,,
2409,Zuid,1152,,
2410,Zeeland,1152,,
2411,Akershus,1161,,
2412,Aust,1161,,
2413,Buskerud,1161,,
2414,Finumark,1161,,
2415,Hedmark,1161,,
2416,Hordaland,1161,,
2417,Mire og Romsdal,1161,,
2418,Nordland,1161,,
2419,Nord,1161,,
2420,Oppland,1161,,
2421,Oslo,1161,,
2422,Rogaland,1161,,
2423,Sogn og Fjordane,1161,,
2424,Sir,1161,,
2425,Telemark,1161,,
2426,Troms,1161,,
2427,Vest,1161,,
2428,Vestfold,1161,,
2429,Ostfold,1161,,
2430,Jan Mayen,1161,,
2431,Svalbard,1161,,
2432,Auckland,1154,,
2433,Bay of Plenty,1154,,
2434,Canterbury,1154,,
2435,Gisborne,1154,,
2436,Hawkes Bay,1154,,
2437,Manawatu,1154,,
2438,Marlborough,1154,,
2439,Nelson,1154,,
2440,Northland,1154,,
2441,Otago,1154,,
2442,Southland,1154,,
2443,Taranaki,1154,,
2444,Tasman,1154,,
2445,waikato,1154,,
2446,Wellington,1154,,
2447,West Coast,1154,,
2448,Ad Dakhillyah,1162,,
2449,Al Batinah,1162,,
2450,Al Janblyah,1162,,
2451,Al Wusta,1162,,
2452,Ash Sharqlyah,1162,,
2453,Az Zahirah,1162,,
2454,Masqat,1162,,
2455,Musandam,1162,,
2456,Bocas del Toro,1166,,
2457,Cocle,1166,,
2458,Chiriqui,1166,,
2459,Darien,1166,,
2460,Herrera,1166,,
2461,Loa Santoa,1166,,
2462,Panama,1166,,
2463,Veraguas,1166,,
2464,Comarca de San Blas,1166,,
2465,El Callao,1169,,
2466,Ancash,1169,,
2467,Apurimac,1169,,
2468,Arequipa,1169,,
2469,Ayacucho,1169,,
2470,Cajamarca,1169,,
2471,Cuzco,1169,,
2472,Huancavelica,1169,,
2473,Huanuco,1169,,
2474,Ica,1169,,
2475,Junin,1169,,
2476,La Libertad,1169,,
2477,Lambayeque,1169,,
2478,Lima,1169,,
2479,Loreto,1169,,
2480,Madre de Dios,1169,,
2481,Moquegua,1169,,
2482,Pasco,1169,,
2483,Piura,1169,,
2484,Puno,1169,,
2485,San Martin,1169,,
2486,Tacna,1169,,
2487,Tumbes,1169,,
2488,Ucayali,1169,,
2489,National Capital District (Port Moresby),1167,,
2490,Chimbu,1167,,
2491,Eastern Highlands,1167,,
2492,East New Britain,1167,,
2493,East Sepik,1167,,
2494,Enga,1167,,
2495,Gulf,1167,,
2496,Madang,1167,,
2497,Manus,1167,,
2498,Milne Bay,1167,,
2499,Morobe,1167,,
2500,New Ireland,1167,,
2501,North Solomons,1167,,
2502,Santaun,1167,,
2503,Southern Highlands,1167,,
2504,Western Highlands,1167,,
2505,West New Britain,1167,,
2506,Abra,1170,,
2507,Agusan del Norte,1170,,
2508,Agusan del Sur,1170,,
2509,Aklan,1170,,
2510,Albay,1170,,
2511,Antique,1170,,
2512,Apayao,1170,,
2513,Aurora,1170,,
2514,Basilan,1170,,
2515,Batasn,1170,,
2516,Batanes,1170,,
2517,Batangas,1170,,
2518,Benguet,1170,,
2519,Biliran,1170,,
2520,Bohol,1170,,
2521,Bukidnon,1170,,
2522,Bulacan,1170,,
2523,Cagayan,1170,,
2524,Camarines Norte,1170,,
2525,Camarines Sur,1170,,
2526,Camiguin,1170,,
2527,Capiz,1170,,
2528,Catanduanes,1170,,
2529,Cavite,1170,,
2530,Cebu,1170,,
2531,Compostela Valley,1170,,
2532,Davao,1170,,
2533,Davao del Sur,1170,,
2534,Davao Oriental,1170,,
2535,Eastern Samar,1170,,
2536,Guimaras,1170,,
2537,Ifugao,1170,,
2538,Ilocos Norte,1170,,
2539,Ilocos Sur,1170,,
2540,Iloilo,1170,,
2541,Isabela,1170,,
2542,Kalinga,1170,,
2543,Laguna,1170,,
2544,Lanao del Norte,1170,,
2545,Lanao del Sur,1170,,
2546,La Union,1170,,
2547,Leyte,1170,,
2548,Maguindanao,1170,,
2549,Marinduque,1170,,
2550,Masbate,1170,,
2551,Mindoro Occidental,1170,,
2552,Mindoro Oriental,1170,,
2553,Misamis Occidental,1170,,
2554,Misamis Oriental,1170,,
2555,Mountain Province,1170,,
2556,Negroe Occidental,1170,,
2557,Negros Oriental,1170,,
2558,North Cotabato,1170,,
2559,Northern Samar,1170,,
2560,Nueva Ecija,1170,,
2561,Nueva Vizcaya,1170,,
2562,Palawan,1170,,
2563,Pampanga,1170,,
2564,Pangasinan,1170,,
2565,Quezon,1170,,
2566,Quirino,1170,,
2567,Rizal,1170,,
2568,Romblon,1170,,
2569,Sarangani,1170,,
2570,Siquijor,1170,,
2571,Sorsogon,1170,,
2572,South Cotabato,1170,,
2573,Southern Leyte,1170,,
2574,Sultan Kudarat,1170,,
2575,Sulu,1170,,
2576,Surigao del Norte,1170,,
2577,Surigao del Sur,1170,,
2578,Tarlac,1170,,
2579,Tawi,1170,,
2580,Western Samar,1170,,
2581,Zambales,1170,,
2582,Zamboanga del Norte,1170,,
2583,Zamboanga del Sur,1170,,
2584,Zamboanga Sibiguey,1170,,
2585,Islamabad,1163,,
2586,Baluchistan (en),1163,,
2587,North,1163,,
2588,Sind (en),1163,,
2589,Federally Administered Tribal Aresa,1163,,
2590,Azad Rashmir,1163,,
2591,Northern Areas,1163,,
2592,Aveiro,1173,,
2593,Beja,1173,,
2594,Braga,1173,,
2595,Braganca,1173,,
2596,Castelo Branco,1173,,
2597,Colmbra,1173,,
2598,Ovora,1173,,
2599,Faro,1173,,
2600,Guarda,1173,,
2601,Leiria,1173,,
2602,Lisboa,1173,,
2603,Portalegre,1173,,
2604,Porto,1173,,
2605,Santarem,1173,,
2606,Setubal,1173,,
2607,Viana do Castelo,1173,,
2608,Vila Real,1173,,
2609,Viseu,1173,,
2610,Regiao Autonoma dos Acores,1173,,
2611,Regiao Autonoma da Madeira,1173,,
2612,Asuncion,1168,,
2613,Alto Paraguay,1168,,
2614,Alto Parana,1168,,
2615,Amambay,1168,,
2616,Boqueron,1168,,
2617,Caeguazu,1168,,
2618,Caazapl,1168,,
2619,Canindeyu,1168,,
2620,Concepcion,1168,,
2621,Cordillera,1168,,
2622,Guaira,1168,,
2623,Itapua,1168,,
2624,Miaiones,1168,,
2625,Neembucu,1168,,
2626,Paraguari,1168,,
2627,Presidente Hayes,1168,,
2628,San Pedro,1168,,
2629,Ad Dawhah,1175,,
2630,Al Ghuwayriyah,1175,,
2631,Al Jumayliyah,1175,,
2632,Al Khawr,1175,,
2633,Al Wakrah,1175,,
2634,Ar Rayyan,1175,,
2635,Jariyan al Batnah,1175,,
2636,Madinat ash Shamal,1175,,
2637,Umm Salal,1175,,
2638,Bucuresti,1176,,
2639,Alba,1176,,
2640,Arad,1176,,
2641,Arges,1176,,
2642,Bacau,1176,,
2643,Bihor,1176,,
2644,Bistrita,1176,,
2645,Botoani,1176,,
2646,Braov,1176,,
2647,Braila,1176,,
2648,Buzau,1176,,
2649,Caras,1176,,
2650,Ca la rasi,1176,,
2651,Cluj,1176,,
2652,Constanta,1176,,
2653,Covasna,1176,,
2654,Dambovita,1176,,
2655,Dolj,1176,,
2656,Galati,1176,,
2657,Giurgiu,1176,,
2658,Gorj,1176,,
2659,Harghita,1176,,
2660,Hunedoara,1176,,
2661,Ialomita,1176,,
2662,Iasi,1176,,
2663,Ilfov,1176,,
2664,Maramures,1176,,
2665,Mehedinti,1176,,
2666,Mures,1176,,
2667,Neamt,1176,,
2668,Olt,1176,,
2669,Prahova,1176,,
2670,Satu Mare,1176,,
2671,Sa laj,1176,,
2672,Sibiu,1176,,
2673,Suceava,1176,,
2674,Teleorman,1176,,
2675,Timis,1176,,
2676,Tulcea,1176,,
2677,Vaslui,1176,,
2678,Valcea,1176,,
2679,Vrancea,1176,,
2680,"Adygeya, Respublika",1177,,
2681,"Altay, Respublika",1177,,
2682,"Bashkortostan, Respublika",1177,,
2683,"Buryatiya, Respublika",1177,,
2684,Chechenskaya Respublika,1177,,
2685,Chuvashskaya Respublika,1177,,
2686,"Dagestan, Respublika",1177,,
2687,Ingushskaya Respublika,1177,,
2688,Kabardino,1177,,
2689,"Kalmykiya, Respublika",1177,,
2690,Karachayevo,1177,,
2691,"Kareliya, Respublika",1177,,
2692,"Khakasiya, Respublika",1177,,
2693,"Komi, Respublika",1177,,
2694,"Mariy El, Respublika",1177,,
2695,"Mordoviya, Respublika",1177,,
2696,"Sakha, Respublika [Yakutiya]",1177,,
2697,"Severnaya Osetiya, Respublika",1177,,
2698,"Tatarstan, Respublika",1177,,
2699,"Tyva, Respublika [Tuva]",1177,,
2700,Udmurtskaya Respublika,1177,,
2701,Altayskiy kray,1177,,
2702,Khabarovskiy kray,1177,,
2703,Krasnodarskiy kray,1177,,
2704,Krasnoyarskiy kray,1177,,
2705,Primorskiy kray,1177,,
2706,Stavropolskiy kray,1177,,
2707,Amurskaya oblast,1177,,
2708,Arkhangelskaya oblast,1177,,
2709,Astrakhanskaya oblast,1177,,
2710,Belgorodskaya oblast,1177,,
2711,Bryanskaya oblast,1177,,
2712,Chelyabinskaya oblast,1177,,
2713,Chitinskaya oblast,1177,,
2714,Irkutskaya oblast,1177,,
2715,Ivanovskaya oblast,1177,,
2716,Kaliningradskaya oblast,1177,,
2717,Kaluzhskaya oblast,1177,,
2718,Kamchatskaya oblast,1177,,
2719,Kemerovskaya oblast,1177,,
2720,Kirovskaya oblast,1177,,
2721,Kostromskaya oblast,1177,,
2722,Kurganskaya oblast,1177,,
2723,Kurskaya oblast,1177,,
2724,Leningradskaya oblast,1177,,
2725,Lipetskaya oblast,1177,,
2726,Magadanskaya oblast,1177,,
2727,Moskovskaya oblast,1177,,
2728,Murmanskaya oblast,1177,,
2729,Nizhegorodskaya oblast,1177,,
2730,Novgorodskaya oblast,1177,,
2731,Novosibirskaya oblast,1177,,
2732,Omskaya oblast,1177,,
2733,Orenburgskaya oblast,1177,,
2734,Orlovskaya oblast,1177,,
2735,Penzenskaya oblast,1177,,
2736,Permskaya oblast,1177,,
2737,Pskovskaya oblast,1177,,
2738,Rostovskaya oblast,1177,,
2739,Ryazanskaya oblast,1177,,
2740,Sakhalinskaya oblast,1177,,
2741,Samarskaya oblast,1177,,
2742,Saratovskaya oblast,1177,,
2743,Smolenskaya oblast,1177,,
2744,Sverdlovskaya oblast,1177,,
2745,Tambovskaya oblast,1177,,
2746,Tomskaya oblast,1177,,
2747,Tulskaya oblast,1177,,
2748,Tverskaya oblast,1177,,
2749,Tyumenskaya oblast,1177,,
2750,Ulyanovskaya oblast,1177,,
2751,Vladimirskaya oblast,1177,,
2752,Volgogradskaya oblast,1177,,
2753,Vologodskaya oblast,1177,,
2754,Voronezhskaya oblast,1177,,
2755,Yaroslavskaya oblast,1177,,
2756,Moskva,1177,,
2757,Sankt,1177,,
2758,Yevreyskaya avtonomnaya oblast,1177,,
2759,Aginskiy Buryatskiy avtonomnyy,1177,,
2760,Chukotskiy avtonomnyy okrug,1177,,
2761,Evenkiyskiy avtonomnyy okrug,1177,,
2762,Khanty,1177,,
2763,Komi,1177,,
2764,Koryakskiy avtonomnyy okrug,1177,,
2765,Nenetskiy avtonomnyy okrug,1177,,
2766,Taymyrskiy (Dolgano,1177,,
2767,Ust,1177,,
2768,Yamalo,1177,,
2769,Butare,1178,,
2770,Byumba,1178,,
2771,Cyangugu,1178,,
2772,Gikongoro,1178,,
2773,Gisenyi,1178,,
2774,Gitarama,1178,,
2775,Kibungo,1178,,
2776,Kibuye,1178,,
2777,Kigali,1178,,
2778,Kigali,1178,,
2779,Mutara,1178,,
2780,Ruhengeri,1178,,
2781,Al Batah,1187,,
2782,"Al H,udd ash Shamallyah",1187,,
2783,Al Jawf,1187,,
2784,Al Madinah,1187,,
2785,Al Qasim,1187,,
2786,Ar Riyad,1187,,
2787,Asir,1187,,
2788,Hail,1187,,
2789,Jlzan,1187,,
2790,Makkah,1187,,
2791,Najran,1187,,
2792,Tabuk,1187,,
2793,Capital Territory (Honiara),1194,,
2794,Guadalcanal,1194,,
2795,Isabel,1194,,
2796,Makira,1194,,
2797,Malaita,1194,,
2798,Temotu,1194,,
2799,Aali an Nil,1200,,
2800,Al Bah al Ahmar,1200,,
2801,Al Buhayrat,1200,,
2802,Al Jazirah,1200,,
2803,Al Khartum,1200,,
2804,Al Qadarif,1200,,
2805,Al Wahdah,1200,,
2806,An Nil,1200,,
2807,An Nil al Abyaq,1200,,
2808,An Nil al Azraq,1200,,
2809,Ash Shamallyah,1200,,
2810,Bahr al Jabal,1200,,
2811,Gharb al Istiwaiyah,1200,,
2812,Gharb Ba~r al Ghazal,1200,,
2813,Gharb Darfur,1200,,
2814,Gharb Kurdufan,1200,,
2815,Janub Darfur,1200,,
2816,Janub Rurdufan,1200,,
2817,Jnqall,1200,,
2818,Kassala,1200,,
2819,Shamal Batr al Ghazal,1200,,
2820,Shamal Darfur,1200,,
2821,Shamal Kurdufan,1200,,
2822,Sharq al Istiwaiyah,1200,,
2823,Sinnar,1200,,
2824,Warab,1200,,
2825,Blekinge lan,1204,,
2826,Dalarnas lan,1204,,
2827,Gotlands lan,1204,,
2828,Gavleborge lan,1204,,
2829,Hallands lan,1204,,
2830,Jamtlande lan,1204,,
2831,Jonkopings lan,1204,,
2832,Kalmar lan,1204,,
2833,Kronoberge lan,1204,,
2834,Norrbottena lan,1204,,
2835,Skane lan,1204,,
2836,Stockholms lan,1204,,
2837,Sodermanlands lan,1204,,
2838,Uppsala lan,1204,,
2839,Varmlanda lan,1204,,
2840,Vasterbottens lan,1204,,
2841,Vasternorrlands lan,1204,,
2842,Vastmanlanda lan,1204,,
2843,Vastra Gotalands lan,1204,,
2844,Orebro lan,1204,,
2845,Ostergotlands lan,1204,,
2846,Saint Helena,1180,,
2847,Ascension,1180,,
2848,Tristan da Cunha,1180,,
2849,Ajdovscina,1193,,
2850,Beltinci,1193,,
2851,Benedikt,1193,,
2852,Bistrica ob Sotli,1193,,
2853,Bled,1193,,
2854,Bloke,1193,,
2855,Bohinj,1193,,
2856,Borovnica,1193,,
2857,Bovec,1193,,
2858,Braslovce,1193,,
2859,Brda,1193,,
2860,Brezovica,1193,,
2861,Brezica,1193,,
2862,Cankova,1193,,
2863,Celje,1193,,
2864,Cerklje na Gorenjskem,1193,,
2865,Cerknica,1193,,
2866,Cerkno,1193,,
2867,Cerkvenjak,1193,,
2868,Crensovci,1193,,
2869,Crna na Koroskem,1193,,
2870,Crnomelj,1193,,
2871,Destrnik,1193,,
2872,Divaca,1193,,
2873,Dobje,1193,,
2874,Dobrepolje,1193,,
2875,Dobrna,1193,,
2876,Dobrova,1193,,
2877,Dobrovnik,1193,,
2878,Dol pri Ljubljani,1193,,
2879,Dolenjske Toplice,1193,,
2880,Domzale,1193,,
2881,Dornava,1193,,
2882,Dravograd,1193,,
2883,Duplek,1193,,
2884,Gorenja vas,1193,,
2885,Gorsnica,1193,,
2886,Gornja Radgona,1193,,
2887,Gornji Grad,1193,,
2888,Gornji Petrovci,1193,,
2889,Grad,1193,,
2890,Grosuplje,1193,,
2891,Hajdina,1193,,
2892,Hoce,1193,,
2893,Hodos,1193,,
2894,Jorjul,1193,,
2895,Hrastnik,1193,,
2896,Hrpelje,1193,,
2897,Idrija,1193,,
2898,Ig,1193,,
2899,IIrska Bistrica,1193,,
2900,Ivancna Gorica,1193,,
2901,Izola,1193,,
2902,Jesenice,1193,,
2903,Jezersko,1193,,
2904,Jursinci,1193,,
2905,Kamnik,1193,,
2906,Kanal,1193,,
2907,Kidricevo,1193,,
2908,Kobarid,1193,,
2909,Kobilje,1193,,
2910,Jovevje,1193,,
2911,Komen,1193,,
2912,Komenda,1193,,
2913,Koper,1193,,
2914,Kostel,1193,,
2915,Kozje,1193,,
2916,Kranj,1193,,
2917,Kranjska Gora,1193,,
2918,Krizevci,1193,,
2919,Krsko,1193,,
2920,Kungota,1193,,
2921,Kuzma,1193,,
2922,Lasko,1193,,
2923,Lenart,1193,,
2924,Lendava,1193,,
2925,Litija,1193,,
2926,Ljubljana,1193,,
2927,Ljubno,1193,,
2928,Ljutomer,1193,,
2929,Logatec,1193,,
2930,Loska dolina,1193,,
2931,Loski Potok,1193,,
2932,Lovrenc na Pohorju,1193,,
2933,Luce,1193,,
2934,Lukovica,1193,,
2935,Majsperk,1193,,
2936,Maribor,1193,,
2937,Markovci,1193,,
2938,Medvode,1193,,
2939,Menges,1193,,
2940,Metlika,1193,,
2941,Mezica,1193,,
2942,Miklavz na Dravskern polju,1193,,
2943,Miren,1193,,
2944,Mirna Pec,1193,,
2945,Mislinja,1193,,
2946,Moravce,1193,,
2947,Moravske Toplice,1193,,
2948,Mozirje,1193,,
2949,Murska Sobota,1193,,
2950,Muta,1193,,
2951,Naklo,1193,,
2952,Nazarje,1193,,
2953,Nova Gorica,1193,,
2954,Nova mesto,1193,,
2955,Sveta Ana,1193,,
2956,Sveti Andraz v Slovenskih goricah,1193,,
2957,Sveti Jurij,1193,,
2958,Salovci,1193,,
2959,Sempeter,1193,,
2960,Sencur,1193,,
2961,Sentilj,1193,,
2962,Sentjernej,1193,,
2963,Sentjur pri Celju,1193,,
2964,Skocjan,1193,,
2965,Skofja Loka,1193,,
2966,Skoftjica,1193,,
2967,Smarje pri Jelsah,1193,,
2968,Smartno ob Paki,1193,,
2969,Smartno pri Litiji,1193,,
2970,Sostanj,1193,,
2971,Store,1193,,
2972,Tabor,1193,,
2973,Tisina,1193,,
2974,Tolmin,1193,,
2975,Trbovje,1193,,
2976,Trebnje,1193,,
2977,Trnovska vas,1193,,
2978,Trzic,1193,,
2979,Trzin,1193,,
2980,Turnisce,1193,,
2981,Velenje,1193,,
2982,Velika Polana,1193,,
2983,Velika Lasce,1193,,
2984,Verzej,1193,,
2985,Videm,1193,,
2986,Vipava,1193,,
2987,Vitanje,1193,,
2988,Vojnik,1193,,
2989,Vransko,1193,,
2990,Vrhnika,1193,,
2991,Vuzenica,1193,,
2992,Zagorje ob Savi,1193,,
2993,Zavrc,1193,,
2994,Zrece,1193,,
2995,Zalec,1193,,
2996,Zelezniki,1193,,
2997,Zetale,1193,,
2998,Ziri,1193,,
2999,Zirovnica,1193,,
3000,Zuzemberk,1193,,
3001,Banskobystricky kraj,1192,,
3002,Bratislavsky kraj,1192,,
3003,Kosicky kraj,1192,,
3004,Nitriansky kraj,1192,,
3005,Presovsky kraj,1192,,
3006,Tren?iansky kraj,1192,,
3007,Trnavsky kraj,1192,,
3008,Zilinsky kraj,1192,,
3009,Western Area (Freetown),1190,,
3010,Dakar,1188,,
3011,Diourbel,1188,,
3012,Fatick,1188,,
3013,Kaolack,1188,,
3014,Kolda,1188,,
3015,Louga,1188,,
3016,Matam,1188,,
3017,Saint,1188,,
3018,Tambacounda,1188,,
3019,Thies,1188,,
3020,Ziguinchor,1188,,
3021,Awdal,1195,,
3022,Bakool,1195,,
3023,Banaadir,1195,,
3024,Bay,1195,,
3025,Galguduud,1195,,
3026,Gedo,1195,,
3027,Hiirsan,1195,,
3028,Jubbada Dhexe,1195,,
3029,Jubbada Hoose,1195,,
3030,Mudug,1195,,
3031,Nugaal,1195,,
3032,Saneag,1195,,
3033,Shabeellaha Dhexe,1195,,
3034,Shabeellaha Hoose,1195,,
3035,Sool,1195,,
3036,Togdheer,1195,,
3037,Woqooyi Galbeed,1195,,
3038,Brokopondo,1201,,
3039,Commewijne,1201,,
3040,Coronie,1201,,
3041,Marowijne,1201,,
3042,Nickerie,1201,,
3043,Paramaribo,1201,,
3044,Saramacca,1201,,
3045,Sipaliwini,1201,,
3046,Wanica,1201,,
3047,Principe,1207,,
3048,Sao Tome,1207,,
3049,Ahuachapan,1066,,
3050,Cabanas,1066,,
3051,Cuscatlan,1066,,
3052,Chalatenango,1066,,
3053,Morazan,1066,,
3054,San Miguel,1066,,
3055,San Salvador,1066,,
3056,Santa Ana,1066,,
3057,San Vicente,1066,,
3058,Sonsonate,1066,,
3059,Usulutan,1066,,
3060,Al Hasakah,1206,,
3061,Al Ladhiqiyah,1206,,
3062,Al Qunaytirah,1206,,
3063,Ar Raqqah,1206,,
3064,As Suwayda,1206,,
3065,Dara,1206,,
3066,Dayr az Zawr,1206,,
3067,Dimashq,1206,,
3068,Halab,1206,,
3069,Hamah,1206,,
3070,Jim,1206,,
3071,Idlib,1206,,
3072,Rif Dimashq,1206,,
3073,Tarts,1206,,
3074,Hhohho,1203,,
3075,Lubombo,1203,,
3076,Manzini,1203,,
3077,Shiselweni,1203,,
3078,Batha,1043,,
3079,Biltine,1043,,
3080,Borkou,1043,,
3081,Chari,1043,,
3082,Guera,1043,,
3083,Kanem,1043,,
3084,Lac,1043,,
3085,Logone,1043,,
3086,Logone,1043,,
3087,Mayo,1043,,
3088,Moyen,1043,,
3089,Ouaddai,1043,,
3090,Salamat,1043,,
3091,Tandjile,1043,,
3092,Kara,1214,,
3093,Maritime (Region),1214,,
3094,Savannes,1214,,
3095,Krung Thep Maha Nakhon Bangkok,1211,,
3096,Phatthaya,1211,,
3097,Amnat Charoen,1211,,
3098,Ang Thong,1211,,
3099,Buri Ram,1211,,
3100,Chachoengsao,1211,,
3101,Chai Nat,1211,,
3102,Chaiyaphum,1211,,
3103,Chanthaburi,1211,,
3104,Chiang Mai,1211,,
3105,Chiang Rai,1211,,
3106,Chon Buri,1211,,
3107,Chumphon,1211,,
3108,Kalasin,1211,,
3109,Kamphasng Phet,1211,,
3110,Kanchanaburi,1211,,
3111,Khon Kaen,1211,,
3112,Krabi,1211,,
3113,Lampang,1211,,
3114,Lamphun,1211,,
3115,Loei,1211,,
3116,Lop Buri,1211,,
3117,Mae Hong Son,1211,,
3118,Maha Sarakham,1211,,
3119,Mukdahan,1211,,
3120,Nakhon Nayok,1211,,
3121,Nakhon Pathom,1211,,
3122,Nakhon Phanom,1211,,
3123,Nakhon Ratchasima,1211,,
3124,Nakhon Sawan,1211,,
3125,Nakhon Si Thammarat,1211,,
3126,Nan,1211,,
3127,Narathiwat,1211,,
3128,Nong Bua Lam Phu,1211,,
3129,Nong Khai,1211,,
3130,Nonthaburi,1211,,
3131,Pathum Thani,1211,,
3132,Pattani,1211,,
3133,Phangnga,1211,,
3134,Phatthalung,1211,,
3135,Phayao,1211,,
3136,Phetchabun,1211,,
3137,Phetchaburi,1211,,
3138,Phichit,1211,,
3139,Phitsanulok,1211,,
3140,Phrae,1211,,
3141,Phra Nakhon Si Ayutthaya,1211,,
3142,Phaket,1211,,
3143,Prachin Buri,1211,,
3144,Prachuap Khiri Khan,1211,,
3145,Ranong,1211,,
3146,Ratchaburi,1211,,
3147,Rayong,1211,,
3148,Roi Et,1211,,
3149,Sa Kaeo,1211,,
3150,Sakon Nakhon,1211,,
3151,Samut Prakan,1211,,
3152,Samut Sakhon,1211,,
3153,Samut Songkhram,1211,,
3154,Saraburi,1211,,
3155,Satun,1211,,
3156,Sing Buri,1211,,
3157,Si Sa Ket,1211,,
3158,Songkhla,1211,,
3159,Sukhothai,1211,,
3160,Suphan Buri,1211,,
3161,Surat Thani,1211,,
3162,Surin,1211,,
3163,Tak,1211,,
3164,Trang,1211,,
3165,Trat,1211,,
3166,Ubon Ratchathani,1211,,
3167,Udon Thani,1211,,
3168,Uthai Thani,1211,,
3169,Uttaradit,1211,,
3170,Yala,1211,,
3171,Yasothon,1211,,
3172,Sughd,1209,,
3173,Khatlon,1209,,
3174,Gorno,1209,,
3175,Ahal,1220,,
3176,Balkan,1220,,
3177,Dasoguz,1220,,
3178,Lebap,1220,,
3179,Mary,1220,,
3180,Beja,1218,,
3181,Ben Arous,1218,,
3182,Bizerte,1218,,
3183,Gabes,1218,,
3184,Gafsa,1218,,
3185,Jendouba,1218,,
3186,Kairouan,1218,,
3187,Rasserine,1218,,
3188,Kebili,1218,,
3189,LAriana,1218,,
3190,Le Ref,1218,,
3191,Mahdia,1218,,
3192,La Manouba,1218,,
3193,Medenine,1218,,
3194,Moneatir,1218,,
3195,Naboul,1218,,
3196,Sfax,1218,,
3197,Sidi Bouxid,1218,,
3198,Siliana,1218,,
3199,Sousse,1218,,
3200,Tataouine,1218,,
3201,Tozeur,1218,,
3202,Tunis,1218,,
3203,Zaghouan,1218,,
3204,Adana,1219,,
3205,Ad yaman,1219,,
3206,Afyon,1219,,
3207,Ag r,1219,,
3208,Aksaray,1219,,
3209,Amasya,1219,,
3210,Ankara,1219,,
3211,Antalya,1219,,
3212,Ardahan,1219,,
3213,Artvin,1219,,
3214,Aydin,1219,,
3215,Bal kesir,1219,,
3216,Bartin,1219,,
3217,Batman,1219,,
3218,Bayburt,1219,,
3219,Bilecik,1219,,
3220,Bingol,1219,,
3221,Bitlis,1219,,
3222,Bolu,1219,,
3223,Burdur,1219,,
3224,Bursa,1219,,
3225,Canakkale,1219,,
3226,Cankir,1219,,
3227,Corum,1219,,
3228,Denizli,1219,,
3229,Diyarbakir,1219,,
3230,Duzce,1219,,
3231,Edirne,1219,,
3232,Elazig,1219,,
3233,Erzincan,1219,,
3234,Erzurum,1219,,
3235,Eskisehir,1219,,
3236,Gaziantep,1219,,
3237,Giresun,1219,,
3238,Gmshane,1219,,
3239,Hakkari,1219,,
3240,Hatay,1219,,
3241,Igidir,1219,,
3242,Isparta,1219,,
3243,Icel,1219,,
3244,Istanbul,1219,,
3245,Izmir,1219,,
3246,Kahramanmaras,1219,,
3247,Karabk,1219,,
3248,Karaman,1219,,
3249,Kars,1219,,
3250,Kastamonu,1219,,
3251,Kayseri,1219,,
3252,Kirikkale,1219,,
3253,Kirklareli,1219,,
3254,Kirsehir,1219,,
3255,Kilis,1219,,
3256,Kocaeli,1219,,
3257,Konya,1219,,
3258,Ktahya,1219,,
3259,Malatya,1219,,
3260,Manisa,1219,,
3261,Mardin,1219,,
3262,Mugila,1219,,
3263,Mus,1219,,
3264,Nevsehir,1219,,
3265,Nigide,1219,,
3266,Ordu,1219,,
3267,Osmaniye,1219,,
3268,Rize,1219,,
3269,Sakarya,1219,,
3270,Samsun,1219,,
3271,Siirt,1219,,
3272,Sinop,1219,,
3273,Sivas,1219,,
3274,Sanliurfa,1219,,
3275,Srnak,1219,,
3276,Tekirdag,1219,,
3277,Tokat,1219,,
3278,Trabzon,1219,,
3279,Tunceli,1219,,
3280,Usak,1219,,
3281,Van,1219,,
3282,Yalova,1219,,
3283,Yozgat,1219,,
3284,Zonguldak,1219,,
3285,Couva,1217,,
3286,Diego Martin,1217,,
3287,Eastern Tobago,1217,,
3288,Penal,1217,,
3289,Princes Town,1217,,
3290,Rio Claro,1217,,
3291,Sangre Grande,1217,,
3292,San Juan,1217,,
3293,Siparia,1217,,
3294,Tunapuna,1217,,
3295,Western Tobago,1217,,
3296,Arima,1217,,
3297,Chaguanas,1217,,
3298,Point Fortin,1217,,
3299,Port of Spain,1217,,
3300,San Fernando,1217,,
3301,Aileu,1063,,
3302,Ainaro,1063,,
3303,Bacucau,1063,,
3304,Bobonaro,1063,,
3305,Cova Lima,1063,,
3306,Dili,1063,,
3307,Ermera,1063,,
3308,Laulem,1063,,
3309,Liquica,1063,,
3310,Manatuto,1063,,
3311,Manafahi,1063,,
3312,Oecussi,1063,,
3313,Viqueque,1063,,
3314,Changhua,1208,,
3315,Chiayi,1208,,
3316,Hsinchu,1208,,
3317,Hualien,1208,,
3318,Ilan,1208,,
3319,Kaohsiung,1208,,
3320,Miaoli,1208,,
3321,Nantou,1208,,
3322,Penghu,1208,,
3323,Pingtung,1208,,
3324,Taichung,1208,,
3325,Tainan,1208,,
3326,Taipei,1208,,
3327,Taitung,1208,,
3328,Taoyuan,1208,,
3329,Yunlin,1208,,
3330,Keelung,1208,,
3331,Arusha,1210,,
3332,Dar,1210,,
3333,Dodoma,1210,,
3334,Iringa,1210,,
3335,Kagera,1210,,
3336,Kaskazini Pemba,1210,,
3337,Kaskazini Unguja,1210,,
3338,Xigoma,1210,,
3339,Kilimanjaro,1210,,
3340,Rusini Pemba,1210,,
3341,Kusini Unguja,1210,,
3342,Lindi,1210,,
3343,Manyara,1210,,
3344,Mara,1210,,
3345,Mbeya,1210,,
3346,Mjini Magharibi,1210,,
3347,Morogoro,1210,,
3348,Mtwara,1210,,
3349,Pwani,1210,,
3350,Rukwa,1210,,
3351,Ruvuma,1210,,
3352,Shinyanga,1210,,
3353,Singida,1210,,
3354,Tabora,1210,,
3355,Tanga,1210,,
3356,Cherkaska Oblast,1224,,
3357,Chernihivska Oblast,1224,,
3358,Chernivetska Oblast,1224,,
3359,Dnipropetrovska Oblast,1224,,
3360,Donetska Oblast,1224,,
3361,Ivano,1224,,
3362,Kharkivska Oblast,1224,,
3363,Khersonska Oblast,1224,,
3364,Khmelnytska Oblast,1224,,
3365,Kirovohradska Oblast,1224,,
3366,Kyivska Oblast,1224,,
3367,Luhanska Oblast,1224,,
3368,Lvivska Oblast,1224,,
3369,Mykolaivska Oblast,1224,,
3370,Odes ka Oblast,1224,,
3371,Poltavska Oblast,1224,,
3372,Rivnenska Oblast,1224,,
3373,Sums ka Oblast,1224,,
3374,Ternopilska Oblast,1224,,
3375,Vinnytska Oblast,1224,,
3376,Volyoska Oblast,1224,,
3377,Zakarpatska Oblast,1224,,
3378,Zaporizka Oblast,1224,,
3379,Zhytomyrska Oblast,1224,,
3380,Respublika Krym,1224,,
3381,Kyiv,1224,,
3382,Sevastopol,1224,,
3383,Adjumani,1223,,
3384,Apac,1223,,
3385,Arua,1223,,
3386,Bugiri,1223,,
3387,Bundibugyo,1223,,
3388,Bushenyi,1223,,
3389,Busia,1223,,
3390,Gulu,1223,,
3391,Hoima,1223,,
3392,Iganga,1223,,
3393,Jinja,1223,,
3394,Kabale,1223,,
3395,Kabarole,1223,,
3396,Kaberamaido,1223,,
3397,Kalangala,1223,,
3398,Kampala,1223,,
3399,Kamuli,1223,,
3400,Kamwenge,1223,,
3401,Kanungu,1223,,
3402,Kapchorwa,1223,,
3403,Kasese,1223,,
3404,Katakwi,1223,,
3405,Kayunga,1223,,
3406,Kibaale,1223,,
3407,Kiboga,1223,,
3408,Kisoro,1223,,
3409,Kitgum,1223,,
3410,Kotido,1223,,
3411,Kumi,1223,,
3412,Kyenjojo,1223,,
3413,Lira,1223,,
3414,Luwero,1223,,
3415,Masaka,1223,,
3416,Masindi,1223,,
3417,Mayuge,1223,,
3418,Mbale,1223,,
3419,Mbarara,1223,,
3420,Moroto,1223,,
3421,Moyo,1223,,
3422,Mpigi,1223,,
3423,Mubende,1223,,
3424,Mukono,1223,,
3425,Nakapiripirit,1223,,
3426,Nakasongola,1223,,
3427,Nebbi,1223,,
3428,Ntungamo,1223,,
3429,Pader,1223,,
3430,Pallisa,1223,,
3431,Rakai,1223,,
3432,Rukungiri,1223,,
3433,Sembabule,1223,,
3434,Sironko,1223,,
3435,Soroti,1223,,
3436,Tororo,1223,,
3437,Wakiso,1223,,
3438,Yumbe,1223,,
3439,Baker Island,1227,,
3440,Howland Island,1227,,
3441,Jarvis Island,1227,,
3442,Johnston Atoll,1227,,
3443,Kingman Reef,1227,,
3444,Midway Islands,1227,,
3445,Navassa Island,1227,,
3446,Palmyra Atoll,1227,,
3447,Wake Ialand,1227,,
3448,Artigsa,1229,,
3449,Canelones,1229,,
3450,Cerro Largo,1229,,
3451,Colonia,1229,,
3452,Durazno,1229,,
3453,Flores,1229,,
3454,Lavalleja,1229,,
3455,Maldonado,1229,,
3456,Montevideo,1229,,
3457,Paysandu,1229,,
3458,Rivera,1229,,
3459,Rocha,1229,,
3460,Salto,1229,,
3461,Soriano,1229,,
3462,Tacuarembo,1229,,
3463,Treinta y Tres,1229,,
3464,Toshkent (city),1230,,
3465,Qoraqalpogiston Respublikasi,1230,,
3466,Andijon,1230,,
3467,Buxoro,1230,,
3468,Fargona,1230,,
3469,Jizzax,1230,,
3470,Khorazm,1230,,
3471,Namangan,1230,,
3472,Navoiy,1230,,
3473,Qashqadaryo,1230,,
3474,Samarqand,1230,,
3475,Sirdaryo,1230,,
3476,Surxondaryo,1230,,
3477,Toshkent,1230,,
3478,Xorazm,1230,,
3479,Diatrito Federal,1232,,
3480,Anzoategui,1232,,
3481,Apure,1232,,
3482,Aragua,1232,,
3483,Barinas,1232,,
3484,Carabobo,1232,,
3485,Cojedes,1232,,
3486,Falcon,1232,,
3487,Guarico,1232,,
3488,Lara,1232,,
3489,Merida,1232,,
3490,Miranda,1232,,
3491,Monagas,1232,,
3492,Nueva Esparta,1232,,
3493,Portuguesa,1232,,
3494,Tachira,1232,,
3495,Trujillo,1232,,
3496,Vargas,1232,,
3497,Yaracuy,1232,,
3498,Zulia,1232,,
3499,Delta Amacuro,1232,,
3500,Dependencias Federales,1232,,
3501,An Giang,1233,,
3502,Ba Ria ,1233,,
3503,Bac Can,1233,,
3504,Bac Giang,1233,,
3505,Bac Lieu,1233,,
3506,Bac Ninh,1233,,
3507,Ben Tre,1233,,
3508,Binh Dinh,1233,,
3509,Binh Duong,1233,,
3510,Binh Phuoc,1233,,
3511,Binh Thuan,1233,,
3512,Ca Mau,1233,,
3513,Can Tho,1233,,
3514,Cao Bang,1233,,
3515,"Da Nang, thanh pho",1233,,
3516,Dong Nai,1233,,
3517,Dong Thap,1233,,
3518,Gia Lai,1233,,
3519,Ha Giang,1233,,
3520,Ha Nam,1233,,
3521,"Ha Noi, thu do",1233,,
3522,Ha Tay,1233,,
3523,Ha Tinh,1233,,
3524,Hai Duong,1233,,
3525,"Hai Phong, thanh pho",1233,,
3526,Hoa Binh,1233,,
3527,"Ho Chi Minh, thanh pho [Sai Gon]",1233,,
3528,Hung Yen,1233,,
3529,Khanh Hoa,1233,,
3530,Kien Giang,1233,,
3531,Kon Tum,1233,,
3532,Lai Chau,1233,,
3533,Lam Dong,1233,,
3534,Lang Son,1233,,
3535,Lao Cai,1233,,
3536,Long An,1233,,
3537,Nam Dinh,1233,,
3538,Nghe An,1233,,
3539,Ninh Binh,1233,,
3540,Ninh Thuan,1233,,
3541,Phu Tho,1233,,
3542,Phu Yen,1233,,
3543,Quang Binh,1233,,
3544,Quang Nam,1233,,
3545,Quang Ngai,1233,,
3546,Quang Ninh,1233,,
3547,Quang Tri,1233,,
3548,Soc Trang,1233,,
3549,Son La,1233,,
3550,Tay Ninh,1233,,
3551,Thai Binh,1233,,
3552,Thai Nguyen,1233,,
3553,Thanh Hoa,1233,,
3554,Thua Thien,1233,,
3555,Tien Giang,1233,,
3556,Tra Vinh,1233,,
3557,Tuyen Quang,1233,,
3558,Vinh Long,1233,,
3559,Vinh Phuc,1233,,
3560,Yen Bai,1233,,
3561,Malampa,1231,,
3562,Penama,1231,,
3563,Sanma,1231,,
3564,Shefa,1231,,
3565,Tafea,1231,,
3566,Torba,1231,,
3567,Aana,1185,,
3568,Aiga,1185,,
3569,Atua,1185,,
3570,Faaaaleleaga,1185,,
3571,Gagaemauga,1185,,
3572,Gagaifomauga,1185,,
3573,Palauli,1185,,
3574,Satupaitea,1185,,
3575,Tuamasaga,1185,,
3576,Vaa,1185,,
3577,Vaisigano,1185,,
3578,Crna Gora,1238,,
3579,Srbija,1238,,
3580,Kosovo,1238,,
3581,Vojvodina,1238,,
3582,Abyan,1237,,
3583,Adan,1237,,
3584,Ad Dali,1237,,
3585,Al Bayda,1237,,
3586,Al Hudaydah,1237,,
3587,Al Mahrah,1237,,
3588,Al Mahwit,1237,,
3589,Amran,1237,,
3590,Dhamar,1237,,
3591,Hadramawt,1237,,
3592,Hajjah,1237,,
3593,Ibb,1237,,
3594,Lahij,1237,,
3595,Marib,1237,,
3596,Sadah,1237,,
3597,Sana,1237,,
3598,Shabwah,1237,,
3599,Taizz,1237,,
3600,Eastern Cape,1196,,
3601,Free State,1196,,
3602,Gauteng,1196,,
3603,Kwazulu,1196,,
3604,Mpumalanga,1196,,
3605,Northern Cape,1196,,
3606,Limpopo,1196,,
3607,Western Cape,1196,,
3608,Copperbelt,1239,,
3609,Luapula,1239,,
3610,Lusaka,1239,,
3611,North,1239,,
3612,Bulawayo,1240,,
3613,Harare,1240,,
3614,Manicaland,1240,,
3615,Mashonaland Central,1240,,
3616,Mashonaland East,1240,,
3617,Mashonaland West,1240,,
3618,Masvingo,1240,,
3619,Matabeleland North,1240,,
3620,Matabeleland South,1240,,
3621,Midlands,1240,,
3622,South Karelia,1075,,
3623,South Ostrobothnia,1075,,
3624,Etela,1075,,
3625,Hame,1075,,
3626,Ita,1075,,
3627,Kainuu,1075,,
3628,Central Ostrobothnia,1075,,
3629,Central Finland,1075,,
3630,Kymenlaakso,1075,,
3631,Lapland,1075,,
3632,Tampere Region,1075,,
3633,Ostrobothnia,1075,,
3634,North Karelia,1075,,
3635,Nothern Ostrobothnia,1075,,
3636,Northern Savo,1075,,
3637,Paijat,1075,,
3638,Satakunta,1075,,
3639,Uusimaa,1075,,
3640,South,1075,,
3641,Aland,1075,,
3642,Limburg,1152,,
3643,Central and Western,1098,,
3644,Eastern,1098,,
3645,Southern,1098,,
3646,Wan Chai,1098,,
3647,Kowloon City,1098,,
3648,Kwun Tong,1098,,
3649,Sham Shui Po,1098,,
3650,Wong Tai Sin,1098,,
3651,Yau Tsim Mong,1098,,
3652,Islands,1098,,
3653,Kwai Tsing,1098,,
3654,North,1098,,
3655,Sai Kung,1098,,
3656,Sha Tin,1098,,
3657,Tai Po,1098,,
3658,Tsuen Wan,1098,,
3659,Tuen Mun,1098,,
3660,Yuen Long,1098,,
3661,Manchester,1108,,
3662,Al Man?mah,1016,,
3663,Al Jan?b?yah,1016,,
3664,Al Wus?a,1016,,
3665,Ash Sham?l?yah,1016,,
3666,Jenin,1165,,
3667,Tubas,1165,,
3668,Tulkarm,1165,,
3669,Nablus,1165,,
3670,Qalqilya,1165,,
3671,Salfit,1165,,
3672,Ramallah and Al,1165,,
3673,Jericho,1165,,
3674,Jerusalem,1165,,
3675,Bethlehem,1165,,
3676,Hebron,1165,,
3677,North Gaza,1165,,
3678,Gaza,1165,,
3679,Deir el,1165,,
3680,Khan Yunis,1165,,
3681,Rafah,1165,,
3682,Brussels,1020,,
3683,Distrito Federal,1140,,
3684,North West,1196,,
3685,Tyne and Wear,1226,,
3686,Greater Manchester,1226,,
3687,Co Tyrone,1226,,
3688,West Yorkshire,1226,,
3689,South Yorkshire,1226,,
3690,Merseyside,1226,,
3691,Berkshire,1226,,
3692,West Midlands,1226,,
3693,West Glamorgan,1226,,
3694,Greater London,1226,,
3695,Carbonia,1107,,
3696,Olbia,1107,,
3697,Medio Campidano,1107,,
3698,Ogliastra,1107,,
3699,Bonaire,1151,,
3700,Curacao,1151,,
3701,Saba,1151,,
3702,St. Eustatius,1151,,
3703,St. Maarten,1151,,
3704,Jura,1076,,
3705,Barletta,1107,,
3706,Fermo,1107,,
3707,Monza e Brianza,1107,,
3708,Clwyd,1226,,
3709,Dyfed,1226,,
3710,South Glamorgan,1226,,
3711,Artibonite,1094,,
3712,Centre,1094,,
3713,Nippes,1094,,
3714,Nord,1094,,
3715,American Samoa,1004,,
3716,Andorra,1005,,
3717,Anguilla,1007,,
3718,Antigua and Barbuda,1009,,
3719,Aruba,1012,,
3720,Barbados,1018,,
3721,Bermuda,1023,,
3722,Bouvet Island,1028,,
3723,British Indian Ocean Territory,1030,,
3724,"Virgin Islands, British",1031,,
3725,Cayman Islands,1041,,
3726,Christmas Island,1046,,
3727,Cocos (Keeling) Islands,1047,,
3728,Cook Islands,1052,,
3729,Dominica,1061,,
3730,Falkland Islands (Malvinas),1072,,
3731,Faroe Islands,1073,,
3732,French Guiana,1077,,
3733,French Polynesia,1078,,
3734,French Southern Territories,1079,,
3735,Gabon,1080,,
3736,Georgia,1081,,
3737,Gibraltar,1084,,
3738,Greenland,1086,,
3739,Grenada,1087,,
3740,Guadeloupe,1088,,
3741,Guam,1089,,
3744,Liechtenstein,1124,,
3742,Heard Island and McDonald Islands,1095,,
3743,Holy See (Vatican City State),1096,,
3745,Macao,1127,,
3746,"Macedonia, Republic of",1128,,
3747,Malta,1134,,
3748,Martinique,1136,,
3749,Mayotte,1139,,
3750,Monaco,1143,,
3751,Montserrat,1145,,
3752,Nauru,1149,,
3753,Nepal,1150,,
3754,New Caledonia,1153,,
3755,Niue,1158,,
3756,Norfolk Island,1159,,
3757,Northern Mariana Islands,1160,,
3758,Palau,1164,,
3759,Pitcairn,1171,,
3760,Puerto Rico,1174,,
3761,Reunion,1179,,
3762,Saint Kitts and Nevis,1181,,
3763,Saint Lucia,1182,,
3764,Saint Pierre and Miquelon,1183,,
3765,Saint Vincent and the Grenadines,1184,,
3766,San Marino,1186,,
3767,Seychelles,1189,,
3768,Singapore,1191,,
3769,South Georgia and the South Sandwich Islands,1197,,
3770,Svalbard and Jan Mayen,1202,,
3771,Tokelau,1215,,
3772,Tonga,1216,,
3773,Turks and Caicos Islands,1221,,
3774,Tuvalu,1222,,
3775,"Virgin Islands, U.S.",1234,,
3776,Wallis and Futuna,1235,,
3777,Western Sahara,1236,,
3778,Serbia,1242,,
3779,Montenegro,1243,,
3780,Jersey,1244,,
3781,Guernsey,1245,,
3782,Isle of Man,1246,,
3783,Mariehamn,1247,,
3784,Jomala,1247,,
3785,Finstrm,1247,,
3786,Lemland,1247,,
3787,Saltvik,1247,,
3788,Hammarland,1247,,
3789,Sund,1247,,
3790,Ecker,1247,,
3791,Fgl,1247,,
3792,Geta,1247,,
3793,Brnd,1247,,
3794,Vrd,1247,,
3795,Lumparland,1247,,
3796,Kumlinge,1247,,
3797,Kkar,1247,,
3798,Sottunga,1247,,
3799,Kinshasa,1249,,
3800,Kongo Central,1249,,
3801,Kwango,1249,,
3802,Kwilu Province,1249,,
3803,Mai-Ndombe Province,1249,,
3804,Kasa Province,1249,,
3805,Kasa-Central,1249,,
3806,Kasa-Oriental,1249,,
3807,Lomami Province,1249,,
3808,Sankuru,1249,,
3809,Maniema,1249,,
3810,South Kivu,1249,,
3811,North Kivu,1249,,
3812,Ituri Province,1249,,
3813,Haut-Uele,1249,,
3814,Tshopo,1249,,
3815,Bas-Uele,1249,,
3816,Nord-Ubangi,1249,,
3817,Mongala,1249,,
3818,Sud-Ubangi,1249,,
3819,quateur,1249,,
3820,Tshuapa,1249,,
3821,Tanganyika Province,1249,,
3822,Haut-Lomami,1249,,
3823,Lualaba Province,1249,,
3824,Haut-Katanga Province,1249,,
3825,Jonglei,1257,,
3826,Fangak State,1257,,
3827,Bieh State,1257,,
3828,Akobo State,1257,,
3829,Maiwut State,1257,,
3830,Latjor State,1257,,
3831,Boma State,1257,,
3832,Central Upper Nile State,1257,,
3833,Northern Upper Nile State,1257,,
3834,Fashoda State,1257,,
3835,Ruweng State,1257,,
3836,Southern Liech State,1257,,
3837,Northern Liech State,1257,,
3838,Gogrial State,1257,,
3839,Twic State,1257,,
3840,Tonj State,1257,,
3841,Gok State,1257,,
3842,Western Lake State,1257,,
3843,Eastern Lake State,1257,,
3844,Aweil East State,1257,,
3845,Lol State,1257,,
3846,Aweil State,1257,,
3847,Wau State,1257,,
3848,Jubek State,1257,,
3849,Terekeka State,1257,,
3850,Yei River State,1257,,
3851,Tambura State,1257,,
3852,Gbudwe State,1257,,
3853,Amadi State,1257,,
3854,Maridi State,1257,,
3855,Imatong State,1257,,
3856,Kapoeta State,1257,,
3857,Saint Barthlemy,1254,,
3858,"Bonaire, Sint Eustatius and Saba",1248,,
3859,Cote d'Ivoire,1250,,
3860,Curaao,1251,,
3861,Czechia,1252,,
3862,Kosovo (temporary code),1253,,
3863,Saint Martin,1255,,
3864,Sint Maarten,1256,,
3865,Turkish Rep N Cyprus (temporary code),1258,,
